Country Name;Short Name;year;Record;Built-up Land;Cropland;Fishing Grounds;Forest Products;Grazing Land;Total;Data Quality Score;isoa2
Australia;Australia;1961;BiocapPerCap;0,024142912;1,296506541;7,418046879;4,643257306;15,81012031;29,19207395;3A;AU
Australia;Australia;1962;BiocapPerCap;0,026078388;1,461609176;7,264802364;4,560069001;15,52358962;28,83614854;3A;AU
Australia;Australia;1963;BiocapPerCap;0,027747584;1,570394422;7,106305236;4,471741007;15,26371645;28,4399047;3A;AU
Australia;Australia;1964;BiocapPerCap;0,027477675;1,631333068;6,94920569;4,381828296;14,9721743;27,96201903;3A;AU
Australia;Australia;1965;BiocapPerCap;0,020278709;1,229465484;6,770304979;4,288928872;14,68970456;26,9986826;3A;AU
Australia;Australia;1966;BiocapPerCap;0,03073259;1,945988943;6,600044468;4,189891225;14,31642906;27,08308629;3A;AU
Australia;Australia;1967;BiocapPerCap;0,018453221;1,184741209;6,405801326;4,078663983;13,94879404;25,63645378;3A;AU
Australia;Australia;1968;BiocapPerCap;0,032890115;2,060676151;6,2218672;3,959051339;13,48998635;25,76447116;3A;AU
Australia;Australia;1969;BiocapPerCap;0,026004332;1,592844129;6,023958236;3,853762455;13,17777742;24,67434657;3A;AU
Australia;Australia;1970;BiocapPerCap;0,023768324;1,427773903;5,903793854;3,765757703;12,99346155;24,11455533;3A;AU
Australia;Australia;1971;BiocapPerCap;0,026084843;1,519169747;5,784456798;3,695158609;12,77811838;23,80298838;3A;AU
Australia;Australia;1972;BiocapPerCap;0,020203231;1,143909216;5,711544534;3,637070063;12,65653681;23,16926385;3A;AU
Australia;Australia;1973;BiocapPerCap;0,029976852;1,65741011;5,597822775;3,592065961;12,47817095;23,35544665;3A;AU
Australia;Australia;1974;BiocapPerCap;0,027432113;1,567526291;5,546051934;3,542072162;12,35693037;23,04001287;3A;AU
Australia;Australia;1975;BiocapPerCap;0,031250239;1,768142195;5,476392723;3,501023444;12,1772485;22,9540571;3A;AU
Australia;Australia;1976;BiocapPerCap;0,028212507;1,571970373;5,406291722;3,4604614;12,04752559;22,51446159;3A;AU
Australia;Australia;1977;BiocapPerCap;0,025296833;1,361251988;5,371327767;3,422595137;11,74728421;21,92775593;3A;AU
Australia;Australia;1978;BiocapPerCap;0,03955915;2,17804976;5,320654689;3,379886581;11,56582653;22,48397671;3A;AU
Australia;Australia;1979;BiocapPerCap;0,037595647;2,114463707;5,269587109;3,342690028;11,536538;22,30087449;3A;AU
Australia;Australia;1980;BiocapPerCap;0,026715997;1,487918373;5,206267067;3,286491291;11,45755276;21,46494548;3A;AU
Australia;Australia;1981;BiocapPerCap;0,039128191;2,102314773;5,149837401;3,245927691;11,34104574;21,8782538;3A;AU
Australia;Australia;1982;BiocapPerCap;0,022684859;1,295664245;5,052946491;3,205585469;10,97550847;20,55238953;3A;AU
Australia;Australia;1983;BiocapPerCap;0,046896741;2,552661214;4,968934196;3,160802555;10,64618528;21,37547998;3A;AU
Australia;Australia;1984;BiocapPerCap;0,042315107;2,383019673;4,863679571;3,112073441;10,43927846;20,84036626;3A;AU
Australia;Australia;1985;BiocapPerCap;0,039847099;2,21293461;4,763936109;3,059676929;10,22259127;20,29898602;3A;AU
Australia;Australia;1986;BiocapPerCap;0,040017562;2,17161221;4,655516924;3,002563477;9,947473709;19,81718388;3A;AU
Australia;Australia;1987;BiocapPerCap;0,035169245;1,882532405;4,573907549;2,953111578;9,774607567;19,21932834;3A;AU
Australia;Australia;1988;BiocapPerCap;0,036818881;1,94587623;4,490337157;2,904976167;9,621215794;18,99922423;3A;AU
Australia;Australia;1989;BiocapPerCap;0,037043622;1,951781078;4,415251812;2,858326758;9,344365209;18,60676848;3A;AU
Australia;Australia;1990;BiocapPerCap;0,036643798;1,910994103;4,359567482;2,805615789;9,170379112;18,28320029;3A;AU
Australia;Australia;1991;BiocapPerCap;0,035308913;1,733692046;4,295494161;2,771709619;9,02699968;17,86320442;3A;AU
Australia;Australia;1992;BiocapPerCap;0,042595066;2,133754854;4,282525149;2,774851059;9,050089525;18,28381565;3A;AU
Australia;Australia;1993;BiocapPerCap;0,045974217;2,234752384;4,231882218;2,750642571;8,832839474;18,09609086;3A;AU
Australia;Australia;1994;BiocapPerCap;0,030484833;1,498112876;4,178454048;2,724466315;8,887009105;17,31852718;3A;AU
Australia;Australia;1995;BiocapPerCap;0,056478303;2,331770883;4,122043658;2,69491377;8,723409049;17,92861566;3A;AU
Australia;Australia;1996;BiocapPerCap;0,077095862;2,854985562;4,073320202;2,672841315;8,692854396;18,37109734;3A;AU
Australia;Australia;1997;BiocapPerCap;0,06342101;2,552551455;4,029335105;2,643030044;8,506770816;17,79510843;3A;AU
Australia;Australia;1998;BiocapPerCap;0,064828312;2,851718484;3,987742427;2,615232861;8,409734059;17,92925614;3A;AU
Australia;Australia;1999;BiocapPerCap;0,067638156;3,04503245;3,947345523;2,585309225;8,120972267;17,76629762;3A;AU
Australia;Australia;2000;BiocapPerCap;0,061658249;2,855618096;3,910572213;2,558083932;8,061624333;17,44755682;3A;AU
Australia;Australia;2001;BiocapPerCap;0,059368597;2,835694697;3,875873427;2,524351535;7,975431152;17,27071941;3A;AU
Australia;Australia;2002;BiocapPerCap;0,064619945;2,996692407;3,835032318;2,496615796;7,740584665;17,13354513;3A;AU
Australia;Australia;2003;BiocapPerCap;0,035549003;1,587869793;3,774582349;2,454471583;7,494701026;15,34717375;3A;AU
Australia;Australia;2004;BiocapPerCap;0,065982061;2,953449576;3,720751054;2,416361299;7,392480713;16,5490247;3A;AU
Australia;Australia;2005;BiocapPerCap;0,056017242;2,556672079;3,65026809;2,374252329;7,325978078;15,96318782;3A;AU
Australia;Australia;2006;BiocapPerCap;0,064723749;2,809761394;3,58435679;2,324336641;7,032809733;15,81598831;3A;AU
Australia;Australia;2007;BiocapPerCap;0,03476025;1,375460086;3,517134476;2,263041105;6,77065931;13,96105523;3A;AU
Australia;Australia;2008;BiocapPerCap;0,047368836;1,833615526;3,461885873;2,20222064;6,530698059;14,07578893;3A;AU
Australia;Australia;2009;BiocapPerCap;0,056491972;2,225017367;3,413727306;2,137129015;6,29220221;14,12456787;3A;AU
Australia;Australia;2010;BiocapPerCap;0,063183995;2,284579322;3,34373845;2,086742161;6,020267494;13,79851142;3A;AU
Australia;Australia;2011;BiocapPerCap;0,064534931;2,564367377;3,269436841;2,05345204;6,020408799;13,97219999;3A;AU
Australia;Australia;2012;BiocapPerCap;0,071357701;2,754965376;3,214847982;2,018578726;5,860036079;13,91978586;3A;AU
Australia;Australia;2013;BiocapPerCap;0,061905562;2,310427528;3,176745205;1,98671099;5,66275569;13,19854498;3A;AU
Australia;Australia;2014;BiocapPerCap;0,063370027;2,36218343;3,137665027;1,954944064;5,732847304;13,25100985;3A;AU
Brazil;Brazil;1961;BiocapPerCap;0,045695755;0,503778859;0,479551759;20,01596839;1,732799504;22,77779427;3A;BR
Brazil;Brazil;1962;BiocapPerCap;0,046019948;0,523187748;0,464136306;19,36936788;1,727045519;22,12975741;3A;BR
Brazil;Brazil;1963;BiocapPerCap;0,042502724;0,499434034;0,448806911;18,71914549;1,718854783;21,42874394;3A;BR
Brazil;Brazil;1964;BiocapPerCap;0,039864149;0,46916677;0,434786076;18,11413429;1,710454509;20,76840579;3A;BR
Brazil;Brazil;1965;BiocapPerCap;0,04753446;0,557280166;0,420987484;17,56369542;1,700030247;20,28952778;3A;BR
Brazil;Brazil;1966;BiocapPerCap;0,043494714;0,511874976;0,409338058;17,05627926;1,696831671;19,71781868;3A;BR
Brazil;Brazil;1967;BiocapPerCap;0,04631928;0,545478871;0,397311157;16,54691802;1,688369406;19,22439673;3A;BR
Brazil;Brazil;1968;BiocapPerCap;0,044346241;0,537053589;0,386270519;16,01970185;1,683495404;18,67086761;3A;BR
Brazil;Brazil;1969;BiocapPerCap;0,044639323;0,541339564;0,373853457;15,53109036;1,712099149;18,20302185;3A;BR
Brazil;Brazil;1970;BiocapPerCap;0,044365263;0,550759562;0,365273948;15,07289093;1,670204595;17,7034943;3A;BR
Brazil;Brazil;1971;BiocapPerCap;0,046605873;0,592497716;0,355739111;14,64439466;1,650353041;17,2895904;3A;BR
Brazil;Brazil;1972;BiocapPerCap;0,045558867;0,57815228;0,348317085;14,23665058;1,638954895;16,84763371;3A;BR
Brazil;Brazil;1973;BiocapPerCap;0,044164637;0,558266098;0,337884798;13,85947792;1,611222676;16,41101613;3A;BR
Brazil;Brazil;1974;BiocapPerCap;0,04773777;0,614592233;0,330950319;13,45424575;1,600614858;16,04814093;3A;BR
Brazil;Brazil;1975;BiocapPerCap;0,044856961;0,577746742;0,322891108;13,08280739;1,58298999;15,61129219;3A;BR
Brazil;Brazil;1976;BiocapPerCap;0,046072882;0,594813633;0,314802661;12,71421155;1,555860786;15,22576151;3A;BR
Brazil;Brazil;1977;BiocapPerCap;0,046834063;0,605106359;0,308748837;12,35713797;1,538224708;14,85605194;3A;BR
Brazil;Brazil;1978;BiocapPerCap;0,044459409;0,564195048;0,301897563;11,98966356;1,514695058;14,41491064;3A;BR
Brazil;Brazil;1979;BiocapPerCap;0,044976986;0,570170128;0,295292605;11,65474741;1,493253731;14,05844086;3A;BR
Brazil;Brazil;1980;BiocapPerCap;0,050620218;0,632305309;0,2883673;12,02593504;1,469374665;14,46660253;3A;BR
Brazil;Brazil;1981;BiocapPerCap;0,050818351;0,622799932;0,282207257;11,75114813;1,448902788;14,15587646;3A;BR
Brazil;Brazil;1982;BiocapPerCap;0,051101884;0,623133767;0,274212927;11,49257603;1,41895854;13,85998314;3A;BR
Brazil;Brazil;1983;BiocapPerCap;0,051212126;0,604249956;0,267352596;11,2353169;1,392849503;13,55098108;3A;BR
Brazil;Brazil;1984;BiocapPerCap;0,05678572;0,652710244;0,259799658;10,98222298;1,363431374;13,31494998;3A;BR
Brazil;Brazil;1985;BiocapPerCap;0,064826876;0,72661504;0,25299008;10,7344534;1,337409245;13,11629464;3A;BR
Brazil;Brazil;1986;BiocapPerCap;0,058188095;0,66070199;0,246151495;10,69437577;1,310629365;12,97004672;3A;BR
Brazil;Brazil;1987;BiocapPerCap;0,065352993;0,731885193;0,241087456;10,48565979;1,293754629;12,81774006;3A;BR
Brazil;Brazil;1988;BiocapPerCap;0,064971902;0,723249016;0,236118092;10,2901466;1,275503923;12,58998953;3A;BR
Brazil;Brazil;1989;BiocapPerCap;0,068410523;0,754046347;0,231624956;10,10114075;1,260086169;12,41530874;3A;BR
Brazil;Brazil;1990;BiocapPerCap;0,059392377;0,653329034;0,228066482;9,886353989;1,249714669;12,07685655;3A;BR
Brazil;Brazil;1991;BiocapPerCap;0,056680738;0,630127436;0,223964395;9,686730446;1,239246921;11,83674994;3A;BR
Brazil;Brazil;1992;BiocapPerCap;0,060683899;0,664232571;0,222446656;9,61376606;1,242200965;11,80333015;3A;BR
Brazil;Brazil;1993;BiocapPerCap;0,061046686;0,669342326;0,218895232;9,443207415;1,233782245;11,6262739;3A;BR
Brazil;Brazil;1994;BiocapPerCap;0,064741249;0,701112974;0,215154106;9,264951946;1,223927802;11,46988808;3A;BR
Brazil;Brazil;1995;BiocapPerCap;0,060301666;0,699191103;0,211241766;9,075595832;1,214463796;11,26079416;3A;BR
Brazil;Brazil;1996;BiocapPerCap;0,055618769;0,634051016;0,207721429;8,912396917;1,198086316;11,00787445;3A;BR
Brazil;Brazil;1997;BiocapPerCap;0,060288763;0,675636724;0,204457626;8,725216663;1,183108781;10,84870856;3A;BR
Brazil;Brazil;1998;BiocapPerCap;0,061507409;0,677641065;0,201347139;8,547488147;1,168892306;10,65687607;3A;BR
Brazil;Brazil;1999;BiocapPerCap;0,066395552;0,720335751;0,198346143;8,366356395;1,155236985;10,50667083;3A;BR
Brazil;Brazil;2000;BiocapPerCap;0,068557673;0,73263004;0,195606673;8,198769036;1,142995875;10,3385593;3A;BR
Brazil;Brazil;2001;BiocapPerCap;0,07299397;0,783309403;0,19302333;8,025290127;1,132819894;10,20743672;3A;BR
Brazil;Brazil;2002;BiocapPerCap;0,074453149;0,815624903;0,190223254;7,875624715;1,117189185;10,07311521;3A;BR
Brazil;Brazil;2003;BiocapPerCap;0,081529563;0,919952424;0,186682847;7,691091293;1,094677135;9,973933262;3A;BR
Brazil;Brazil;2004;BiocapPerCap;0,080430979;0,940680103;0,183861256;7,536317663;1,079309067;9,820599067;3A;BR
Brazil;Brazil;2005;BiocapPerCap;0,074780943;0,872700931;0,180690774;7,389353871;1,058313112;9,57583963;3A;BR
Brazil;Brazil;2006;BiocapPerCap;0,077040538;0,892647703;0,178234302;7,293763111;1,044043196;9,485728849;3A;BR
Brazil;Brazil;2007;BiocapPerCap;0,083114694;0,938475127;0,176102145;7,177305514;1,031202527;9,406200007;3A;BR
Brazil;Brazil;2008;BiocapPerCap;0,089669911;1,026696041;0,174795246;7,069823809;1,024114021;9,385099027;3A;BR
Brazil;Brazil;2009;BiocapPerCap;0,087152151;0,988455671;0,173869312;6,947209802;1,018746311;9,215433247;3A;BR
Brazil;Brazil;2010;BiocapPerCap;0,090745941;1,018296183;0,171702784;6,865488511;1,006029124;9,152262542;3A;BR
Brazil;Brazil;2011;BiocapPerCap;0,093009694;1,059136302;0,16914067;6,776022026;0,991577497;9,088886189;3A;BR
Brazil;Brazil;2012;BiocapPerCap;0,091883833;1,039533135;0,167465588;6,677048193;0,981854399;8,957785148;3A;BR
Brazil;Brazil;2013;BiocapPerCap;0,096336529;1,123014343;0,16654638;6,584468221;0,977447181;8,947812654;3A;BR
Brazil;Brazil;2014;BiocapPerCap;0,093618999;1,130654383;0,165511156;6,490059901;0,972521971;8,852366409;3A;BR
Canada;Canada;1961;BiocapPerCap;0,016551723;1,470099263;6,882445602;17,24883593;0,638362032;26,25629455;3A;CA
Canada;Canada;1962;BiocapPerCap;0,02629612;2,266010338;6,732468142;16,92020981;0,642070344;26,58705475;3A;CA
Canada;Canada;1963;BiocapPerCap;0,031927365;2,672239729;6,58699966;16,5963312;0,645459451;26,53295741;3A;CA
Canada;Canada;1964;BiocapPerCap;0,026180081;2,129350589;6,45666179;16,30091765;0,649581483;25,5626916;3A;CA
Canada;Canada;1965;BiocapPerCap;0,030822344;2,436409303;6,321178732;16,03328484;0,652520078;25,4742153;3A;CA
Canada;Canada;1966;BiocapPerCap;0,035312877;2,71286356;6,209464086;15,78315541;0,657235079;25,39803101;3A;CA
Canada;Canada;1967;BiocapPerCap;0,027392431;2,096266197;6,085583395;15,51424008;0,619586516;24,34306862;3A;CA
Canada;Canada;1968;BiocapPerCap;0,030123866;2,296497584;5,971189726;15,21300799;0,583861374;24,09468054;3A;CA
Canada;Canada;1969;BiocapPerCap;0,032922371;2,500462176;5,83110952;14,93612757;0,54665386;23,84727549;3A;CA
Canada;Canada;1970;BiocapPerCap;0,028133637;2,129035774;5,747812286;14,67937589;0,515667208;23,1000248;3A;CA
Canada;Canada;1971;BiocapPerCap;0,033803251;2,549016136;5,646425366;14,44201931;0,483805363;23,15506943;3A;CA
Canada;Canada;1972;BiocapPerCap;0,031112185;2,269014538;5,57581523;14,21642179;0,495929839;22,58829359;3A;CA
Canada;Canada;1973;BiocapPerCap;0,031960521;2,25472169;5,456237893;14,01852377;0,503082002;22,26452588;3A;CA
Canada;Canada;1974;BiocapPerCap;0,027295632;1,863554571;5,394599164;13,79483404;0,514985505;21,59526891;3A;CA
Canada;Canada;1975;BiocapPerCap;0,034669807;2,292147489;5,317840663;13,61192606;0,524994442;21,78157846;3A;CA
Canada;Canada;1976;BiocapPerCap;0,036930844;2,36585929;5,243282345;13,23441034;0,534727285;21,4152101;3A;CA
Canada;Canada;1977;BiocapPerCap;0,038668119;2,458729407;5,204417199;13,0771407;0,515386685;21,29434211;3A;CA
Canada;Canada;1978;BiocapPerCap;0,038351782;2,422056514;5,153309604;12,90892585;0,495099566;21,01774332;3A;CA
Canada;Canada;1979;BiocapPerCap;0,035783448;2,245492139;5,106164472;12,77265365;0,475483435;20,63557714;3A;CA
Canada;Canada;1980;BiocapPerCap;0,036570108;2,280951498;5,052095048;12,57605345;0,455521566;20,40119167;3A;CA
Canada;Canada;1981;BiocapPerCap;0,042751054;2,65114162;5,010146913;12,45267356;0,436936306;20,59364945;3A;CA
Canada;Canada;1982;BiocapPerCap;0,045495653;2,810942594;4,933338731;12,34157014;0,432343125;20,56369025;3A;CA
Canada;Canada;1983;BiocapPerCap;0,039932923;2,457709561;4,871367136;12,21945405;0,42900868;20,01747235;3A;CA
Canada;Canada;1984;BiocapPerCap;0,037583759;2,302612242;4,787955668;12,08097043;0,423706089;19,63282819;3A;CA
Canada;Canada;1985;BiocapPerCap;0,04299584;2,619650362;4,707322465;11,92203553;0,418596481;19,71060067;3A;CA
Canada;Canada;1986;BiocapPerCap;0,050017971;3,027228789;4,615292417;12,19245906;0,412379855;20,29737809;3A;CA
Canada;Canada;1987;BiocapPerCap;0,046700817;2,783101226;4,547410564;12,02608963;0,407633272;19,81093551;3A;CA
Canada;Canada;1988;BiocapPerCap;0,033825915;1,984014878;4,474945616;11,85821117;0,402432778;18,75343035;3A;CA
Canada;Canada;1989;BiocapPerCap;0,041937096;2,421321578;4,408177524;11,68915908;0,397685919;18,9582812;3A;CA
Canada;Canada;1990;BiocapPerCap;0,048475219;2,756797266;4,358124201;11,48717974;0,394431837;19,04500826;3A;CA
Canada;Canada;1991;BiocapPerCap;0,047954978;2,688100634;4,296931803;11,35172844;0,390119493;18,77483535;3A;CA
Canada;Canada;1992;BiocapPerCap;0,044046217;2,446416737;4,284570557;11,36202972;0,387728286;18,52479152;3A;CA
Canada;Canada;1993;BiocapPerCap;0,048380007;2,664033201;4,233347546;11,25727631;0,381836899;18,58487396;3A;CA
Canada;Canada;1994;BiocapPerCap;0,050397205;2,752750946;4,179677356;11,14544328;0,375758127;18,50402691;3A;CA
Canada;Canada;1995;BiocapPerCap;0,049885892;2,704257854;4,124338478;11,02339423;0,369544422;18,27142088;3A;CA
Canada;Canada;1996;BiocapPerCap;0,053734725;2,892393163;4,078521678;10,93694797;0,364231293;18,32582883;3A;CA
Canada;Canada;1997;BiocapPerCap;0,048946185;2,60568198;4,039128396;10,82343533;0,36012245;17,87731435;3A;CA
Canada;Canada;1998;BiocapPerCap;0,053794872;2,833205861;4,00307987;10,72077796;0,356322855;17,96718142;3A;CA
Canada;Canada;1999;BiocapPerCap;0,057537623;2,998017557;3,968186776;10,60933783;0,352636486;17,98571627;3A;CA
Canada;Canada;2000;BiocapPerCap;0,055277107;2,849254463;3,936434885;10,50767008;0,349224688;17,69786122;3A;CA
Canada;Canada;2001;BiocapPerCap;0,044883264;2,28814348;3,905813287;10,3985767;0,345936727;16,98335346;3A;CA
Canada;Canada;2002;BiocapPerCap;0,037523332;1,895811094;3,868715504;10,31303415;0,342479503;16,45756358;3A;CA
Canada;Canada;2003;BiocapPerCap;0,051117752;2,558992594;3,813300125;10,17146199;0,337422736;16,9322952;3A;CA
Canada;Canada;2004;BiocapPerCap;0,051925806;2,574646566;3,768169956;10,05571277;0,333278044;16,78373314;3A;CA
Canada;Canada;2005;BiocapPerCap;0,055348696;2,717239728;3,710947131;9,935674361;0,328069893;16,74727981;3A;CA
Canada;Canada;2006;BiocapPerCap;0,054882819;2,575931502;3,663265188;9,845170602;0,32286507;16,46211518;3A;CA
Canada;Canada;2007;BiocapPerCap;0,055238698;2,53342919;3,617906324;9,714170189;0,316662475;16,23740688;3A;CA
Canada;Canada;2008;BiocapPerCap;0,064128251;2,876739972;3,586600879;9,586838063;0,310896967;16,42520413;3A;CA
Canada;Canada;2009;BiocapPerCap;0,060642625;2,660732565;3,562048594;9,435548805;0,305765854;16,02473844;3A;CA
Canada;Canada;2010;BiocapPerCap;0,05891866;2,528663694;3,512365092;9,339956077;0,298538195;15,73844172;3A;CA
Canada;Canada;2011;BiocapPerCap;0,059252487;2,48462649;3,455285797;9,222777176;0,291580917;15,51352287;3A;CA
Canada;Canada;2012;BiocapPerCap;0,059588661;2,625239468;3,41673454;9,093325752;0,291593976;15,4864824;3A;CA
Canada;Canada;2013;BiocapPerCap;0,073627103;3,203544406;3,393881849;8,973008971;0,289643661;15,93370599;3A;CA
Canada;Canada;2014;BiocapPerCap;0,062374002;2,680989815;3,368667392;8,849942308;0,287491787;15,2494653;3A;CA
China;China;1961;BiocapPerCap;0,036268096;0,253151478;0,096314725;0,451667755;0,138818899;0,976220952;3A;CN
China;China;1962;BiocapPerCap;0,039479512;0,270537259;0,094485752;0,441208892;0,13789938;0,983610794;3A;CN
China;China;1963;BiocapPerCap;0,04101886;0,275844281;0,092471537;0,429819916;0,136639685;0,975794279;3A;CN
China;China;1964;BiocapPerCap;0,044364454;0,292157994;0,090425076;0,418165337;0,135258568;0,980371428;3A;CN
China;China;1965;BiocapPerCap;0,047843003;0,307619975;0,088084818;0,406304406;0,133891724;0,983743927;3A;CN
China;China;1966;BiocapPerCap;0,052071262;0,325428184;0,085869038;0,394049276;0,132603726;0,990021487;3A;CN
China;China;1967;BiocapPerCap;0,052681199;0,319367223;0,083330718;0,380743749;0,130702482;0,966825371;3A;CN
China;China;1968;BiocapPerCap;0,051038687;0,299804402;0,080866531;0,366594088;0,128796337;0,927100045;3A;CN
China;China;1969;BiocapPerCap;0,051983551;0,295987326;0,078104018;0,353346759;0,126761428;0,906183081;3A;CN
China;China;1970;BiocapPerCap;0,057554502;0,317921713;0,076209648;0,341201012;0,125994489;0,918881365;3A;CN
China;China;1971;BiocapPerCap;0,059812758;0,321095603;0,07418609;0,330143034;0,124895338;0,910132823;3A;CN
China;China;1972;BiocapPerCap;0,058567364;0,305807509;0,072660748;0,319898567;0,124527494;0,881461683;3A;CN
China;China;1973;BiocapPerCap;0,062369999;0,317160087;0,070587838;0,310777352;0,123539738;0,884435014;3A;CN
China;China;1974;BiocapPerCap;0,06326623;0,31704119;0,069344389;0,301536327;0,123883165;0,875071302;3A;CN
China;China;1975;BiocapPerCap;0,065451291;0,317366836;0,067971768;0,293568683;0,123900029;0,868258607;3A;CN
China;China;1976;BiocapPerCap;0,066398978;0,316260462;0,066692672;0,286151141;0,123991763;0,859495015;3A;CN
China;China;1977;BiocapPerCap;0,063895287;0,29939645;0,065926338;0,278653697;0,12496173;0,832833501;3A;CN
China;China;1978;BiocapPerCap;0,072463653;0,33389359;0,065041133;0,27189189;0,125678627;0,868968894;3A;CN
China;China;1979;BiocapPerCap;0,077329429;0,351718068;0,064219753;0,265931977;0,125884324;0,885083551;3A;CN
China;China;1980;BiocapPerCap;0,073158252;0,327479803;0,063308385;0,258781223;0,125865256;0,848592919;3A;CN
China;China;1981;BiocapPerCap;0,076175513;0,338638373;0,062546303;0,253201806;0,126096266;0,856658261;3A;CN
China;China;1982;BiocapPerCap;0,079657044;0,366601089;0,061351134;0,247929185;0,12539839;0,880936843;3A;CN
China;China;1983;BiocapPerCap;0,081228552;0,38882686;0,060335526;0,242462797;0,125006941;0,897860676;3A;CN
China;China;1984;BiocapPerCap;0,081857139;0,410170294;0,059042163;0,236673896;0,123975207;0,9117187;3A;CN
China;China;1985;BiocapPerCap;0,075494797;0,394704858;0,057772533;0,230498934;0,122922118;0,88139324;3A;CN
China;China;1986;BiocapPerCap;0,076322976;0,39663066;0,056352187;0,22386168;0,121472914;0,874640417;3A;CN
China;China;1987;BiocapPerCap;0,079368861;0,406906245;0,055225156;0,217743838;0,120585216;0,879829316;3A;CN
China;China;1988;BiocapPerCap;0,075336713;0,381840204;0,05406304;0,211832035;0,119556675;0,842628667;3A;CN
China;China;1989;BiocapPerCap;0,075752434;0,381305152;0,053015478;0,20786752;0,118720109;0,836660693;3A;CN
China;China;1990;BiocapPerCap;0,082833499;0,414994689;0,052227817;0,203552034;0,118414001;0,87202204;3A;CN
China;China;1991;BiocapPerCap;0,080832427;0,402134359;0,051366718;0,20321614;0,117895682;0,855445325;3A;CN
China;China;1992;BiocapPerCap;0,082822769;0,401369639;0,051141781;0,205656649;0,118807147;0,859797984;3A;CN
China;China;1993;BiocapPerCap;0,086604406;0,412466757;0,050498769;0,206171171;0,11872285;0,874463952;3A;CN
China;China;1994;BiocapPerCap;0,087117389;0,410479088;0,049864813;0,206662458;0,118624503;0,872748252;3A;CN
China;China;1995;BiocapPerCap;0,08985267;0,419330618;0,049241306;0,207046858;0,11714474;0,882616193;3A;CN
China;China;1996;BiocapPerCap;0,094875325;0,439217243;0,048763855;0,208188957;0,116008191;0,907053572;3A;CN
China;China;1997;BiocapPerCap;0,0959112;0,442356528;0,048393406;0,208910788;0,115126901;0,910698822;3A;CN
China;China;1998;BiocapPerCap;0,098603457;0,453085318;0,048088158;0,20991321;0,114400722;0,924090864;3A;CN
China;China;1999;BiocapPerCap;0,100272002;0,456131476;0,04781575;0,210790917;0,11375267;0,928762816;3A;CN
China;China;2000;BiocapPerCap;0,097599049;0,437641573;0,047595571;0,2118904;0,113228187;0,90795478;3A;CN
China;China;2001;BiocapPerCap;0,098582942;0,432507896;0,047399389;0,214306535;0,112761479;0,905558241;3A;CN
China;China;2002;BiocapPerCap;0,101961294;0,440044334;0,047134774;0,217211342;0,112131968;0,918483712;3A;CN
China;China;2003;BiocapPerCap;0,098437656;0,414488756;0,046657728;0,218935221;0,110997093;0,889516455;3A;CN
China;China;2004;BiocapPerCap;0,105269871;0,441895541;0,046321561;0,22122544;0,110197364;0,924909776;3A;CN
China;China;2005;BiocapPerCap;0,104234488;0,438703316;0,045852945;0,223452432;0,109082542;0,921325722;3A;CN
China;China;2006;BiocapPerCap;0,109603514;0,446775609;0,045518401;0,224443386;0,108286674;0,934627584;3A;CN
China;China;2007;BiocapPerCap;0,109515889;0,445630479;0,045224588;0,224554276;0,107587703;0,932512935;3A;CN
China;China;2008;BiocapPerCap;0,11440648;0,462985605;0,045110229;0,224736299;0,107315647;0,954554259;3A;CN
China;China;2009;BiocapPerCap;0,115162236;0,463569422;0,045075008;0,224280263;0,107231857;0,955318786;3A;CN
China;China;2010;BiocapPerCap;0,11760253;0,470877009;0,044707384;0,225044989;0,10635648;0,964588391;3A;CN
China;China;2011;BiocapPerCap;0,118204912;0,470762288;0,044226446;0,225210619;0,10521316;0,963617425;3A;CN
China;China;2012;BiocapPerCap;0,121118871;0,479801114;0,043966175;0,224966667;0,104593984;0,974446812;3A;CN
China;China;2013;BiocapPerCap;0,121840205;0,480144389;0,043897086;0,224853192;0,104429623;0,975164495;3A;CN
China;China;2014;BiocapPerCap;0,122479064;0,480241556;0,043792252;0,224600007;0,104179915;0,975292794;3A;CN
France;France;1961;BiocapPerCap;0,060280111;0,769592492;0,163011335;1,003674301;0,268900518;2,265458757;3A;FR
France;France;1962;BiocapPerCap;0,070326576;0,881929752;0,160385155;1,00271867;0,264130338;2,379490491;3A;FR
France;France;1963;BiocapPerCap;0,070304827;0,866284126;0,15763574;0,993203934;0,259284175;2,346712801;3A;FR
France;France;1964;BiocapPerCap;0,071780564;0,856130249;0,155278382;0,992044812;0,256961597;2,332195603;3A;FR
France;France;1965;BiocapPerCap;0,080452503;0,935961772;0,15298836;1,015051893;0,255112399;2,439566927;3A;FR
France;France;1966;BiocapPerCap;0,072830772;0,826306414;0,151516406;1,035756712;0,254367994;2,340778298;3A;FR
France;France;1967;BiocapPerCap;0,088956053;0,982076926;0,149921129;1,052797875;0,253357981;2,527109964;3A;FR
France;France;1968;BiocapPerCap;0,09045788;0,966611935;0,14862546;1,104235953;0,250778305;2,560709532;3A;FR
France;France;1969;BiocapPerCap;0,091802142;0,972244178;0,146597785;1,106474773;0,247800797;2,564919675;3A;FR
France;France;1970;BiocapPerCap;0,088996232;0,927548046;0,14581078;1,103829375;0,238652119;2,504836552;3A;FR
France;France;1971;BiocapPerCap;0,099015161;1,001134989;0,144363074;1,112469468;0,243083836;2,600066528;3A;FR
France;France;1972;BiocapPerCap;0,107804998;1,07652066;0,143550709;1,124784373;0,240930172;2,693590911;3A;FR
France;France;1973;BiocapPerCap;0,110431018;1,09672371;0,141378746;1,121970998;0,235717439;2,706221911;3A;FR
France;France;1974;BiocapPerCap;0,105346299;1,047784368;0,140692483;1,111186533;0,232177309;2,637186992;3A;FR
France;France;1975;BiocapPerCap;0,094924636;0,941051745;0,139655225;1,102188779;0,228494726;2,506315111;3A;FR
France;France;1976;BiocapPerCap;0,086445676;0,842725954;0,138738645;1,095625426;0,224861808;2,388397509;3A;FR
France;France;1977;BiocapPerCap;0,099466952;0,970364192;0,138813762;1,090831328;0,22241929;2,521895524;3A;FR
France;France;1978;BiocapPerCap;0,109280101;1,070914971;0,138565233;1,084786248;0,221026383;2,624572935;3A;FR
France;France;1979;BiocapPerCap;0,111236311;1,082387752;0,138356634;1,081316787;0,219794931;2,633092415;3A;FR
France;France;1980;BiocapPerCap;0,121409536;1,172438747;0,137847249;1,077043522;0,218310452;2,727049506;3A;FR
France;France;1981;BiocapPerCap;0,117239772;1,129915086;0,137536494;1,071513427;0,21687125;2,673076028;3A;FR
France;France;1982;BiocapPerCap;0,123797971;1,194028989;0,136163126;1,066986278;0,213006489;2,733982854;3A;FR
France;France;1983;BiocapPerCap;0,116859498;1,121590408;0,135152597;1,063020469;0,210328634;2,646951607;3A;FR
France;France;1984;BiocapPerCap;0,144328522;1,386118733;0,133581552;1,057504269;0,205894223;2,927427298;3A;FR
France;France;1985;BiocapPerCap;0,143351085;1,375963172;0,13217298;1,05092222;0,201851318;2,904260775;3A;FR
France;France;1986;BiocapPerCap;0,129857682;1,243182793;0,130535924;1,047385529;0,198138106;2,749100034;3A;FR
France;France;1987;BiocapPerCap;0,14634703;1,404050393;0,129645878;1,041366065;0,194613864;2,91602323;3A;FR
France;France;1988;BiocapPerCap;0,15217253;1,420717015;0,128651155;1,042006705;0,19084823;2,934395634;3A;FR
France;France;1989;BiocapPerCap;0,15416711;1,421897202;0,127793667;1,036320066;0,189773407;2,929951453;3A;FR
France;France;1990;BiocapPerCap;0,153375881;1,411802156;0,127361997;1,028087937;0,18660123;2,907229202;3A;FR
France;France;1991;BiocapPerCap;0,162517907;1,489251015;0,126549137;1,023819887;0,185277207;2,987415152;3A;FR
France;France;1992;BiocapPerCap;0,157534189;1,437142467;0,127126374;1,032355752;0,185988654;2,940147436;3A;FR
France;France;1993;BiocapPerCap;0,144792002;1,315031693;0,126503422;1,030103924;0,184944266;2,801375307;3A;FR
France;France;1994;BiocapPerCap;0,149391052;1,350800268;0,125751719;1,026791232;0,183713108;2,836447379;3A;FR
France;France;1995;BiocapPerCap;0,147675184;1,329404551;0,124894456;1,022120525;0,182329446;2,806424162;3A;FR
France;France;1996;BiocapPerCap;0,164894016;1,47790236;0,124275748;1,020380012;0,181295609;2,968747746;3A;FR
France;France;1997;BiocapPerCap;0,164453384;1,467516227;0,123804604;1,015735739;0,180478205;2,951988159;3A;FR
France;France;1998;BiocapPerCap;0,181384807;1,6115665;0,123381293;1,011654282;0,179731488;3,107718371;3A;FR
France;France;1999;BiocapPerCap;0,175337074;1,551087207;0,122928165;1,006196088;0,178942272;3,034490806;3A;FR
France;France;2000;BiocapPerCap;0,172071324;1,515632598;0,122502317;1,001075914;0,178193709;2,989475861;3A;FR
France;France;2001;BiocapPerCap;0,156558374;1,372336369;0,122029954;0,994627989;0,17743117;2,822983857;3A;FR
France;France;2002;BiocapPerCap;0,17896574;1,561211331;0,121293506;0,989923139;0,176285402;3,027679118;3A;FR
France;France;2003;BiocapPerCap;0,151516504;1,315430377;0,119958126;0,979645147;0,174270442;2,740820596;3A;FR
France;France;2004;BiocapPerCap;0,174507433;1,507809653;0,118973472;0,972079325;0,17276644;2,946136323;3A;FR
France;France;2005;BiocapPerCap;0,165539723;1,423534292;0,117667537;0,964608116;0,170797312;2,84214698;3A;FR
France;France;2006;BiocapPerCap;0,157967144;1,351991547;0,116733774;0,960633113;0,169369786;2,756695363;3A;FR
France;France;2007;BiocapPerCap;0,154737353;1,306150247;0,11592858;0,959984432;0,168507635;2,705308247;3A;FR
France;France;2008;BiocapPerCap;0,168400231;1,406236318;0,115611404;0,959878316;0,167896534;2,818022802;3A;FR
France;France;2009;BiocapPerCap;0,173725765;1,438411445;0,115523925;0,957280763;0,167269633;2,852211533;3A;FR
France;France;2010;BiocapPerCap;0,171070225;1,400865006;0,114607529;0,960095912;0,165955479;2,812594151;3A;FR
France;France;2011;BiocapPerCap;0,157910402;1,282943303;0,113425836;0,9604662;0,164245607;2,678991348;3A;FR
France;France;2012;BiocapPerCap;0,164106676;1,329159083;0,11283438;0,959314722;0,162663078;2,728077939;3A;FR
France;France;2013;BiocapPerCap;0,155220604;1,257914287;0,112743087;0,958815959;0,160645204;2,645339141;3A;FR
France;France;2014;BiocapPerCap;0,164222481;1,332077679;0,112552391;0,957672576;0,159239645;2,725764771;3A;FR
Germany;Germany;1961;BiocapPerCap;0,061190924;0,411994516;0,086115853;0,72681658;0,07548633;1,361604203;3A;DE
Germany;Germany;1962;BiocapPerCap;0,072274681;0,481777994;0,085275489;0,722092775;0,075123335;1,436544274;3A;DE
Germany;Germany;1963;BiocapPerCap;0,074259696;0,490016653;0,084326201;0,716051098;0,074563383;1,43921703;3A;DE
Germany;Germany;1964;BiocapPerCap;0,073447634;0,480805607;0,083486114;0,71050662;0,07429091;1,422536885;3A;DE
Germany;Germany;1965;BiocapPerCap;0,068931912;0,447176234;0,082553402;0,706190227;0,074196187;1,379047962;3A;DE
Germany;Germany;1966;BiocapPerCap;0,068851403;0,443072783;0,08191386;0,702541056;0,073648545;1,370027646;3A;DE
Germany;Germany;1967;BiocapPerCap;0,084401568;0,53437614;0,081093846;0,69750663;0,072715095;1,470093279;3A;DE
Germany;Germany;1968;BiocapPerCap;0,084478679;0,530520244;0,080408112;0,691104592;0,071228842;1,45774047;3A;DE
Germany;Germany;1969;BiocapPerCap;0,083233254;0,518812265;0,079410507;0,685937578;0,070261298;1,437654903;3A;DE
Germany;Germany;1970;BiocapPerCap;0,078718625;0,484856647;0,079241846;0,681862714;0,068926557;1,393606389;3A;DE
Germany;Germany;1971;BiocapPerCap;0,087870376;0,540284713;0,078899226;0,6808622;0,0679951;1,455911615;3A;DE
Germany;Germany;1972;BiocapPerCap;0,089161581;0,549181746;0,079054098;0,679713865;0,067850162;1,464961451;3A;DE
Germany;Germany;1973;BiocapPerCap;0,08929282;0,550168997;0,07853728;0,680130439;0,066946142;1,465075677;3A;DE
Germany;Germany;1974;BiocapPerCap;0,096014564;0,593140958;0,0788244;0,677671107;0,066411791;1,512062821;3A;DE
Germany;Germany;1975;BiocapPerCap;0,092617982;0,574010671;0,078829753;0,679581695;0,065981033;1,491021132;3A;DE
Germany;Germany;1976;BiocapPerCap;0,077189228;0,480843188;0,078792714;0,680231473;0,065341465;1,382398069;3A;DE
Germany;Germany;1977;BiocapPerCap;0,089289103;0,5567808;0,079236363;0,684647558;0,065327706;1,475281529;3A;DE
Germany;Germany;1978;BiocapPerCap;0,093359968;0,583639516;0,079453986;0,684484621;0,065012842;1,505950933;3A;DE
Germany;Germany;1979;BiocapPerCap;0,093404264;0,584109172;0,079712713;0,685737755;0,064813896;1,5077778;3A;DE
Germany;Germany;1980;BiocapPerCap;0,092928469;0,580918607;0,079856503;0,684039149;0,064522326;1,502265053;3A;DE
Germany;Germany;1981;BiocapPerCap;0,092068814;0,575271122;0,08018322;0,686794782;0,064543282;1,49886122;3A;DE
Germany;Germany;1982;BiocapPerCap;0,101166358;0,631795989;0,079930127;0,688881789;0,064053618;1,565827881;3A;DE
Germany;Germany;1983;BiocapPerCap;0,091355418;0,570965204;0,079890207;0,690665951;0,063601265;1,496478044;3A;DE
Germany;Germany;1984;BiocapPerCap;0,106309675;0,663955803;0,079466397;0,691183199;0,063054544;1,603969619;3A;DE
Germany;Germany;1985;BiocapPerCap;0,11081781;0,691884432;0,079046913;0,693128701;0,062433337;1,637311193;3A;DE
Germany;Germany;1986;BiocapPerCap;0,109275048;0,680920387;0,078397278;0,69064456;0,061693109;1,620930381;3A;DE
Germany;Germany;1987;BiocapPerCap;0,107704054;0,667686496;0,078114803;0,690030629;0,061042173;1,604578155;3A;DE
Germany;Germany;1988;BiocapPerCap;0,110189908;0,680590054;0,077680033;0,688297917;0,060492659;1,617250571;3A;DE
Germany;Germany;1989;BiocapPerCap;0,109643514;0,674096369;0,077230526;0,685634822;0,059824867;1,606430098;3A;DE
Germany;Germany;1990;BiocapPerCap;0,108687954;0,665704194;0,076942567;0,701936033;0,059276773;1,612547521;3A;DE
Germany;Germany;1991;BiocapPerCap;0,1145457;0,696434483;0,076327582;0,698266795;0,058896734;1,644471293;3A;DE
Germany;Germany;1992;BiocapPerCap;0,102932351;0,621251198;0,076470025;0,702579412;0,059100547;1,562333533;3A;DE
Germany;Germany;1993;BiocapPerCap;0,104579642;0,626597257;0,075867682;0,699327979;0,05872816;1,56510072;3A;DE
Germany;Germany;1994;BiocapPerCap;0,111718804;0,664516197;0,075241932;0,695838176;0,058336125;1,605651234;3A;DE
Germany;Germany;1995;BiocapPerCap;0,116117212;0,685686601;0,074658652;0,692394896;0,057975512;1,626832873;3A;DE
Germany;Germany;1996;BiocapPerCap;0,118055774;0,69211416;0,074337477;0,692042425;0,057817304;1,634367141;3A;DE
Germany;Germany;1997;BiocapPerCap;0,126475675;0,736157031;0,074213388;0,690732726;0,057811816;1,685390636;3A;DE
Germany;Germany;1998;BiocapPerCap;0,13344483;0,771168968;0,074219401;0,690746163;0,057907511;1,727486873;3A;DE
Germany;Germany;1999;BiocapPerCap;0,136721572;0,78447734;0,074292643;0,690604763;0,058055735;1,744152053;3A;DE
Germany;Germany;2000;BiocapPerCap;0,137421739;0,782898502;0,0744527;0,691337159;0,058272066;1,744382166;3A;DE
Germany;Germany;2001;BiocapPerCap;0,149341108;0,848649192;0,074658148;0,691475773;0,058376726;1,822500948;3A;DE
Germany;Germany;2002;BiocapPerCap;0,131729484;0,746677195;0,074768027;0,693432465;0,058406436;1,705013607;3A;DE
Germany;Germany;2003;BiocapPerCap;0,124027004;0,701244486;0,074550808;0,691886093;0,058180723;1,649889113;3A;DE
Germany;Germany;2004;BiocapPerCap;0,150232815;0,847273364;0,074567334;0,692408083;0,058137593;1,82261919;3A;DE
Germany;Germany;2005;BiocapPerCap;0,139930497;0,787188768;0,074377497;0,692973404;0,057933713;1,752403879;3A;DE
Germany;Germany;2006;BiocapPerCap;0,134205703;0,753091013;0,074414314;0,696012593;0,057906506;1,715630131;3A;DE
Germany;Germany;2007;BiocapPerCap;0,131243631;0,729465793;0,074524904;0,696707679;0,05904397;1,690985977;3A;DE
Germany;Germany;2008;BiocapPerCap;0,145194607;0,799498304;0,074919261;0,697560053;0,060089181;1,777261408;3A;DE
Germany;Germany;2009;BiocapPerCap;0,149761366;0,820032512;0,075404548;0,696115309;0,060799011;1,802112745;3A;DE
Germany;Germany;2010;BiocapPerCap;0,142856176;0,757149454;0,075278493;0,697960941;0,061870546;1,735115609;3A;DE
Germany;Germany;2011;BiocapPerCap;0,127508518;0,660699153;0,074881026;0,697058938;0,06351551;1,623663145;3A;DE
Germany;Germany;2012;BiocapPerCap;0,137952312;0,711101836;0,074797496;0,694366761;0,063324733;1,681543138;3A;DE
Germany;Germany;2013;BiocapPerCap;0,14316292;0,744911893;0,074949943;0,691759492;0,062939866;1,717724114;3A;DE
Germany;Germany;2014;BiocapPerCap;0,156701515;0,805887552;0,075076886;0,688715355;0,064127484;1,790508793;3A;DE
India;India;1961;BiocapPerCap;0,01732219;0,324714649;0,08421385;0,047054575;0,013154228;0,486459491;3A;IN
India;India;1962;BiocapPerCap;0,017382939;0,322140248;0,082336073;0,046044792;0,01296774;0,480871791;3A;IN
India;India;1963;BiocapPerCap;0,017335022;0,314067296;0,080395685;0,044113507;0,012681915;0,468593425;3A;IN
India;India;1964;BiocapPerCap;0,017395647;0,308858579;0,078584452;0,047530218;0,012826873;0,465195769;3A;IN
India;India;1965;BiocapPerCap;0,016402644;0,285800245;0,076695268;0,046736068;0,012646322;0,438280548;3A;IN
India;India;1966;BiocapPerCap;0,016480271;0,281727362;0,075088351;0,04518624;0,012437624;0,43091985;3A;IN
India;India;1967;BiocapPerCap;0,018131586;0,305528672;0,073318056;0,046601171;0,011494123;0,455073607;3A;IN
India;India;1968;BiocapPerCap;0,019067377;0,316060185;0,071639854;0,046036246;0,011053154;0,463856816;3A;IN
India;India;1969;BiocapPerCap;0,019966777;0,323718134;0,069621501;0,045323379;0,010368764;0,468998556;3A;IN
India;India;1970;BiocapPerCap;0,021431962;0,341091247;0,068242232;0,045204949;0,009916058;0,485886448;3A;IN
India;India;1971;BiocapPerCap;0,02193638;0,340274005;0,066613703;0,042773556;0,009879834;0,481477478;3A;IN
India;India;1972;BiocapPerCap;0,020585665;0,312871609;0,06532109;0,041660769;0,009468218;0,449907352;3A;IN
India;India;1973;BiocapPerCap;0,022199408;0,331750389;0,063427735;0,041877986;0,009014301;0,468269819;3A;IN
India;India;1974;BiocapPerCap;0,020099888;0,29426286;0,062177951;0,041052924;0,008888143;0,426481767;3A;IN
India;India;1975;BiocapPerCap;0,022791602;0,326675708;0,060720233;0,040054817;0,008730701;0,45897306;3A;IN
India;India;1976;BiocapPerCap;0,022796389;0,319726686;0,059263065;0,039781749;0,008346197;0,449914086;3A;IN
India;India;1977;BiocapPerCap;0,024056317;0,329771322;0,058189406;0,039160876;0,008155942;0,459333864;3A;IN
India;India;1978;BiocapPerCap;0,02503059;0,337751663;0,056961295;0,03818924;0,007869771;0,46580256;3A;IN
India;India;1979;BiocapPerCap;0,023642832;0,31218345;0,055766552;0,037531477;0,00756936;0,43669367;3A;IN
India;India;1980;BiocapPerCap;0,023510221;0,30284493;0,054494001;0,036503485;0,007385662;0,4247383;3A;IN
India;India;1981;BiocapPerCap;0,025509189;0,321565707;0,053348993;0,035650962;0,007153507;0,443228358;3A;IN
India;India;1982;BiocapPerCap;0,025117669;0,309986406;0,051842857;0,034867361;0,006972425;0,428786717;3A;IN
India;India;1983;BiocapPerCap;0,027836315;0,335263579;0,050532535;0,034044023;0,006742506;0,454418958;3A;IN
India;India;1984;BiocapPerCap;0,028346722;0,335445917;0,049070608;0,033246447;0,00660452;0,452714214;3A;IN
India;India;1985;BiocapPerCap;0,028550654;0,330182794;0,047726265;0,032371505;0,006405433;0,445236651;3A;IN
India;India;1986;BiocapPerCap;0,02870456;0,324819705;0,046357608;0,031519827;0,006109233;0,437510933;3A;IN
India;India;1987;BiocapPerCap;0,02825552;0,313389047;0,045306406;0,030704913;0,00599857;0,423654456;3A;IN
India;India;1988;BiocapPerCap;0,030826416;0,33398635;0,044258481;0,030104471;0,0058029;0,444978617;3A;IN
India;India;1989;BiocapPerCap;0,034122423;0,363282892;0,043287112;0,029562317;0,005579681;0,475834424;3A;IN
India;India;1990;BiocapPerCap;0,033377825;0,348335485;0,042479263;0,029128205;0,005370552;0,458691329;3A;IN
India;India;1991;BiocapPerCap;0,033729208;0,345053561;0,041560237;0,028631735;0,005300844;0,454275586;3A;IN
India;India;1992;BiocapPerCap;0,035062707;0,351230332;0,041112759;0,028499178;0,005195489;0,461100466;3A;IN
India;India;1993;BiocapPerCap;0,035173212;0,346040188;0,040289161;0,028072654;0,004999937;0,454575152;3A;IN
India;India;1994;BiocapPerCap;0,036681124;0,354016159;0,039441711;0,027624393;0,00483742;0,462600808;3A;IN
India;India;1995;BiocapPerCap;0,036771783;0,347296341;0,038579339;0,027147673;0,004760993;0,454556128;3A;IN
India;India;1996;BiocapPerCap;0,03819238;0,353125892;0,037805785;0,026754732;0,004678216;0,460557005;3A;IN
India;India;1997;BiocapPerCap;0,038350838;0,349190957;0,037093271;0,026293694;0,004513712;0,455442472;3A;IN
India;India;1998;BiocapPerCap;0,039355026;0,351632463;0,036421136;0,025863804;0,004417666;0,457690095;3A;IN
India;India;1999;BiocapPerCap;0,040446949;0,355104484;0,035779096;0,025424834;0,004360199;0,461115562;3A;IN
India;India;2000;BiocapPerCap;0,039572344;0,341332532;0,035192425;0,025026996;0,004268631;0,445392927;3A;IN
India;India;2001;BiocapPerCap;0,039867975;0,337371762;0,03464242;0,024748721;0,004131015;0,440761892;3A;IN
India;India;2002;BiocapPerCap;0,036200386;0,301559616;0,034061039;0,024539407;0,004010639;0,400371088;3A;IN
India;India;2003;BiocapPerCap;0,040130035;0,328360569;0,033347535;0,024211173;0,003897533;0,429946845;3A;IN
India;India;2004;BiocapPerCap;0,039749744;0,320211091;0,032755265;0,023960476;0,003840767;0,420517343;3A;IN
India;India;2005;BiocapPerCap;0,040353979;0,319582399;0,032088928;0,023715993;0,00375115;0,419492448;3A;IN
India;India;2006;BiocapPerCap;0,041553689;0,323649475;0,031535898;0,023543091;0,00368368;0,423965834;3A;IN
India;India;2007;BiocapPerCap;0,045435167;0,348066995;0,031029697;0,023288578;0,003615528;0,451435965;3A;IN
India;India;2008;BiocapPerCap;0,044283721;0,334700466;0,030664768;0,023054024;0,003553801;0,436256779;3A;IN
India;India;2009;BiocapPerCap;0,042531604;0,31754266;0,030370642;0,022767633;0,0035136;0,416726139;3A;IN
India;India;2010;BiocapPerCap;0,047363242;0,347783496;0,029870586;0,022617872;0,003454078;0,451089273;3A;IN
India;India;2011;BiocapPerCap;0,048580917;0,352298228;0,029314724;0,022340525;0,003377342;0,455911736;3A;IN
India;India;2012;BiocapPerCap;0,047751578;0,34181278;0,028922894;0,022036737;0,003330582;0,443854571;3A;IN
India;India;2013;BiocapPerCap;0,049448331;0,349610449;0,028667093;0,021756072;0,00328317;0,452765115;3A;IN
India;India;2014;BiocapPerCap;0,049985506;0,34907593;0,028392197;0,021468208;0,003251691;0,452173533;3A;IN
Indonesia;Indonesia;1961;BiocapPerCap;0,019712239;0,248769891;1,110243156;1,18151573;0,187896447;2,748137463;3A;ID
Indonesia;Indonesia;1962;BiocapPerCap;0,021589321;0,265335392;1,078686915;1,149300472;0,1825559;2,697468;3A;ID
Indonesia;Indonesia;1963;BiocapPerCap;0,019172184;0,229436832;1,046791858;1,116310219;0,176455005;2,588166098;3A;ID
Indonesia;Indonesia;1964;BiocapPerCap;0,021119032;0,246051033;1,016915496;1,084918021;0,171418823;2,540422407;3A;ID
Indonesia;Indonesia;1965;BiocapPerCap;0,021065537;0,238892467;0,98630561;1,055462829;0,165596607;2,46732305;3A;ID
Indonesia;Indonesia;1966;BiocapPerCap;0,02320317;0,25609259;0,959586875;1,022387382;0,1604662;2,421736217;3A;ID
Indonesia;Indonesia;1967;BiocapPerCap;0,021591887;0,231917633;0,931134532;0,998256713;0,155708279;2,338609043;3A;ID
Indonesia;Indonesia;1968;BiocapPerCap;0,025518907;0,266758168;0,904403856;0,967416952;0,151238261;2,315336144;3A;ID
Indonesia;Indonesia;1969;BiocapPerCap;0,026038545;0,264938307;0,874178077;0,938594911;0,145596694;2,249346534;3A;ID
Indonesia;Indonesia;1970;BiocapPerCap;0,027607623;0,273480274;0,852839463;0,911500743;0,142042691;2,207470794;3A;ID
Indonesia;Indonesia;1971;BiocapPerCap;0,029070926;0,280436652;0,829225039;0,886142495;0,137552752;2,162427864;3A;ID
Indonesia;Indonesia;1972;BiocapPerCap;0,028211894;0,26509668;0,810503654;0,861994865;0,134447228;2,100254321;3A;ID
Indonesia;Indonesia;1973;BiocapPerCap;0,031099851;0,284747027;0,784909573;0,840005482;0,129674522;2,070436454;3A;ID
Indonesia;Indonesia;1974;BiocapPerCap;0,03165321;0,282486008;0,767674493;0,817675176;0,126827123;2,026316009;3A;ID
Indonesia;Indonesia;1975;BiocapPerCap;0,030042593;0,261427913;0,748143706;0,797623469;0,123158303;1,960395984;3A;ID
Indonesia;Indonesia;1976;BiocapPerCap;0,031752762;0,269533104;0,72886817;0,775355711;0,117929311;1,923439058;3A;ID
Indonesia;Indonesia;1977;BiocapPerCap;0,031774585;0,263213994;0,714573125;0,75020141;0,115616404;1,875379517;3A;ID
Indonesia;Indonesia;1978;BiocapPerCap;0,035530887;0,287334389;0,698628784;0,724849531;0,113036643;1,859380235;3A;ID
Indonesia;Indonesia;1979;BiocapPerCap;0,037187317;0,293657497;0,683357126;0,701491023;0,110143505;1,825836468;3A;ID
Indonesia;Indonesia;1980;BiocapPerCap;0,039087265;0,301468639;0,667398839;0,676034712;0,107571348;1,791560803;3A;ID
Indonesia;Indonesia;1981;BiocapPerCap;0,04117012;0,310195635;0,653226882;0,655055515;0,104848416;1,764496568;3A;ID
Indonesia;Indonesia;1982;BiocapPerCap;0,041395811;0,304775729;0,634848242;0,634723753;0,101898489;1,717642025;3A;ID
Indonesia;Indonesia;1983;BiocapPerCap;0,044144496;0,317736635;0,61909159;0,615268523;0,098953642;1,695194886;3A;ID
Indonesia;Indonesia;1984;BiocapPerCap;0,049372536;0,346760586;0,601716956;0,595918316;0,089856363;1,683624758;3A;ID
Indonesia;Indonesia;1985;BiocapPerCap;0,046633907;0,34409684;0,586029044;0,579306054;0,093275462;1,649341308;3A;ID
Indonesia;Indonesia;1986;BiocapPerCap;0,047743261;0,360584404;0,570260938;0,563068137;0,093615082;1,635271822;3A;ID
Indonesia;Indonesia;1987;BiocapPerCap;0,046289738;0,361396438;0,55857899;0,549175873;0,096341491;1,61178253;3A;ID
Indonesia;Indonesia;1988;BiocapPerCap;0,045936691;0,36082326;0,54706204;0,536035269;0,093458642;1,583315901;3A;ID
Indonesia;Indonesia;1989;BiocapPerCap;0,049172872;0,3759065;0,536547715;0,523243696;0,095799066;1,580669849;3A;ID
Indonesia;Indonesia;1990;BiocapPerCap;0,050445287;0,38893333;0,528073089;0,518268623;0,092987944;1,578708273;3A;ID
Indonesia;Indonesia;1991;BiocapPerCap;0,053072169;0,374774595;0,518201387;0,501579936;0,081623538;1,529251625;3A;ID
Indonesia;Indonesia;1992;BiocapPerCap;0,057854309;0,398379286;0,514210933;0,491475696;0,081499179;1,543419403;3A;ID
Indonesia;Indonesia;1993;BiocapPerCap;0,056519255;0,39145787;0,505548275;0,476515866;0,080126202;1,510167468;3A;ID
Indonesia;Indonesia;1994;BiocapPerCap;0,056435651;0,384125312;0,496639091;0,461518426;0,078714153;1,477432634;3A;ID
Indonesia;Indonesia;1995;BiocapPerCap;0,056601398;0,392011531;0,487608547;0,446400621;0,077282869;1,459904967;3A;ID
Indonesia;Indonesia;1996;BiocapPerCap;0,057233612;0,398182279;0,479757082;0,432984317;0,072023888;1,440181177;3A;ID
Indonesia;Indonesia;1997;BiocapPerCap;0,054743126;0,381959539;0,472700128;0,41874226;0,070964458;1,399109511;3A;ID
Indonesia;Indonesia;1998;BiocapPerCap;0,05751472;0,399923308;0,466115042;0,405220233;0,069975867;1,398749169;3A;ID
Indonesia;Indonesia;1999;BiocapPerCap;0,054679065;0,397870249;0,45981029;0,391718365;0,069029361;1,37310733;3A;ID
Indonesia;Indonesia;2000;BiocapPerCap;0,05354885;0,39870912;0,454052694;0,378954332;0,068164998;1,353429994;3A;ID
Indonesia;Indonesia;2001;BiocapPerCap;0,053789219;0,401652857;0,448600455;0,372303957;0,066882517;1,343229005;3A;ID
Indonesia;Indonesia;2002;BiocapPerCap;0,055566941;0,414731564;0,442573839;0,366669618;0,065984;1,345525962;3A;ID
Indonesia;Indonesia;2003;BiocapPerCap;0,052557321;0,417566092;0,434651811;0,359238716;0,064219083;1,328233023;3A;ID
Indonesia;Indonesia;2004;BiocapPerCap;0,05329594;0,442467025;0,428130641;0,35294201;0,063255591;1,340091206;3A;ID
Indonesia;Indonesia;2005;BiocapPerCap;0,056072385;0,442892152;0,420466663;0,346712819;0,062123251;1,32826727;3A;ID
Indonesia;Indonesia;2006;BiocapPerCap;0,056699668;0,438224654;0,414125877;0,340432275;0,06118641;1,310668884;3A;ID
Indonesia;Indonesia;2007;BiocapPerCap;0,056431822;0,446402979;0,408248964;0,332976131;0,060318106;1,304378001;3A;ID
Indonesia;Indonesia;2008;BiocapPerCap;0,059013474;0,47171814;0,40406198;0,325802356;0,059699486;1,320295436;3A;ID
Indonesia;Indonesia;2009;BiocapPerCap;0,05967563;0,488318864;0,400622802;0,317884214;0,059191353;1,325692863;3A;ID
Indonesia;Indonesia;2010;BiocapPerCap;0,061148393;0,493851038;0,394273604;0,311844738;0,05825327;1,319371042;3A;ID
Indonesia;Indonesia;2011;BiocapPerCap;0,057736687;0,469498746;0,386996121;0,305055694;0,057178034;1,276465282;3A;ID
Indonesia;Indonesia;2012;BiocapPerCap;0,060249215;0,483550437;0,381727073;0,297875898;0,056399541;1,279802163;3A;ID
Indonesia;Indonesia;2013;BiocapPerCap;0,061043145;0,488937858;0,378189983;0,291054904;0,055876941;1,275102831;3A;ID
Indonesia;Indonesia;2014;BiocapPerCap;0,062521244;0,494505933;0,374437113;0,284258422;0,05532244;1,271045152;3A;ID
Japan;Japan;1961;BiocapPerCap;0,096289353;0,273028548;0,143234251;0,47686041;0,021266937;1,010679498;3A;JP
Japan;Japan;1962;BiocapPerCap;0,095078782;0,267814854;0,141525107;0,472489663;0,020949861;0,997858266;3A;JP
Japan;Japan;1963;BiocapPerCap;0,086058;0,240284146;0,139618624;0,467290926;0,019508422;0,952760119;3A;JP
Japan;Japan;1964;BiocapPerCap;0,082352426;0,228175595;0,137834252;0,462262383;0,019197441;0,929822098;3A;JP
Japan;Japan;1965;BiocapPerCap;0,085162813;0,232499347;0,135806244;0,45758477;0,018836007;0,929889182;3A;JP
Japan;Japan;1966;BiocapPerCap;0,0856349;0,230856476;0,134171308;0,453029779;0,017532761;0,921225225;3A;JP
Japan;Japan;1967;BiocapPerCap;0,091788088;0,242219067;0,132148346;0,447525107;0,017156096;0,930836704;3A;JP
Japan;Japan;1968;BiocapPerCap;0,091963803;0,238091548;0,130218649;0,440711913;0,016822568;0,917808481;3A;JP
Japan;Japan;1969;BiocapPerCap;0,089601615;0,223494733;0,127624;0,434256724;0,016261869;0,891238941;3A;JP
Japan;Japan;1970;BiocapPerCap;0,080048244;0,19853999;0,126182013;0,425941167;0,016126108;0,846837522;3A;JP
Japan;Japan;1971;BiocapPerCap;0,074230304;0,179985811;0,124266775;0,420103699;0,014820396;0,813406985;3A;JP
Japan;Japan;1972;BiocapPerCap;0,079044146;0,187226261;0,123004996;0,41440636;0,014572164;0,818253928;3A;JP
Japan;Japan;1973;BiocapPerCap;0,076848963;0,178431131;0,120590245;0,409395342;0,014229469;0,799495151;3A;JP
Japan;Japan;1974;BiocapPerCap;0,075370237;0,171809528;0,119444824;0,403595551;0,014044902;0,784265042;3A;JP
Japan;Japan;1975;BiocapPerCap;0,077020544;0,172177683;0,118004872;0,403270179;0,012914798;0,783388076;3A;JP
Japan;Japan;1976;BiocapPerCap;0,075272902;0,165336365;0,116605086;0,398976912;0,012730323;0,768921587;3A;JP
Japan;Japan;1977;BiocapPerCap;0,079289289;0,171803177;0,116062353;0,39521702;0,012654446;0,775026285;3A;JP
Japan;Japan;1978;BiocapPerCap;0,078489971;0,167928654;0,115230001;0,391176732;0,012546956;0,765372313;3A;JP
Japan;Japan;1979;BiocapPerCap;0,07764967;0,164166018;0,114484298;0,388093027;0,012445292;0,756838305;3A;JP
Japan;Japan;1980;BiocapPerCap;0,066026307;0,138141763;0,113602846;0,386690276;0,011457074;0,715918267;3A;JP
Japan;Japan;1981;BiocapPerCap;0,068118889;0,140901382;0,112901637;0,383829955;0,011373242;0,717125105;3A;JP
Japan;Japan;1982;BiocapPerCap;0,072136973;0,147628287;0,11150657;0,381334279;0,011215023;0,723821132;3A;JP
Japan;Japan;1983;BiocapPerCap;0,068353185;0,138487151;0,110438091;0,378700378;0,011096459;0,707075264;3A;JP
Japan;Japan;1984;BiocapPerCap;0,076603924;0,15374841;0,109490217;0,376034943;0,010945311;0,726822805;3A;JP
Japan;Japan;1985;BiocapPerCap;0,07818265;0,155505072;0,10833967;0,373204806;0,009986076;0,725218275;3A;JP
Japan;Japan;1986;BiocapPerCap;0,079340843;0,156415827;0,107058125;0,370440694;0,009858881;0,723114369;3A;JP
Japan;Japan;1987;BiocapPerCap;0,077690024;0,152005127;0,106551161;0,368978224;0,009802272;0,715026808;3A;JP
Japan;Japan;1988;BiocapPerCap;0,070606782;0,137031384;0,105982622;0,36774634;0,009740544;0,691107672;3A;JP
Japan;Japan;1989;BiocapPerCap;0,073342314;0,140771091;0,105519551;0,366386452;0,009275475;0,695294881;3A;JP
Japan;Japan;1990;BiocapPerCap;0,075072844;0,142581384;0,105358324;0,362222043;0,009233195;0,694467789;3A;JP
Japan;Japan;1991;BiocapPerCap;0,06771967;0,127157383;0,104810466;0,361102339;0,009152561;0,669942419;3A;JP
Japan;Japan;1992;BiocapPerCap;0,071240876;0,132210711;0,105366629;0,364337358;0,009170676;0,68232625;3A;JP
Japan;Japan;1993;BiocapPerCap;0,05758834;0,10558674;0,104900046;0,363669539;0,009096252;0,640840917;3A;JP
Japan;Japan;1994;BiocapPerCap;0,075458566;0,136698477;0,104333502;0,36265197;0,009018131;0,688160647;3A;JP
Japan;Japan;1995;BiocapPerCap;0,069379156;0,124144215;0,103712037;0,3612698;0,00857061;0,667075818;3A;JP
Japan;Japan;1996;BiocapPerCap;0,068089663;0,120421378;0,103350978;0,361039332;0,008506163;0,661407514;3A;JP
Japan;Japan;1997;BiocapPerCap;0,068194436;0,11924375;0,103112538;0,359886229;0,008448726;0,658885679;3A;JP
Japan;Japan;1998;BiocapPerCap;0,064660007;0,11183794;0,102950184;0,359058451;0,008396526;0,646903109;3A;JP
Japan;Japan;1999;BiocapPerCap;0,066317028;0,113581537;0,102807677;0,35789643;0,008348345;0,648951018;3A;JP
Japan;Japan;2000;BiocapPerCap;0,06736376;0,114290992;0,102737878;0,357025494;0,008491392;0,649909516;3A;JP
Japan;Japan;2001;BiocapPerCap;0,066789094;0,112221048;0,102711584;0,356131042;0,005064907;0,642917675;3A;JP
Japan;Japan;2002;BiocapPerCap;0,067660618;0,112645207;0,102490369;0,356025048;0,005045969;0,643867211;3A;JP
Japan;Japan;2003;BiocapPerCap;0,060861444;0,100517371;0,10179874;0,354040053;0,004988281;0,622205888;3A;JP
Japan;Japan;2004;BiocapPerCap;0,066417673;0,108944042;0,101422424;0,353096683;0,004954095;0,634834916;3A;JP
Japan;Japan;2005;BiocapPerCap;0,066056238;0,10769808;0,100775246;0,352213312;0,004891475;0,631634352;3A;JP
Japan;Japan;2006;BiocapPerCap;0,062664186;0,101613935;0,100453425;0,352551807;0,004844807;0,62212816;3A;JP
Japan;Japan;2007;BiocapPerCap;0,064103088;0,103392072;0,100251721;0,35164748;0,004811806;0,624206167;3A;JP
Japan;Japan;2008;BiocapPerCap;0,064753287;0,10389254;0,100481492;0,351002053;0,00479951;0,624928882;3A;JP
Japan;Japan;2009;BiocapPerCap;0,060538947;0,096701393;0,100923934;0,349510653;0,004805021;0,612479949;3A;JP
Japan;Japan;2010;BiocapPerCap;0,059231946;0,094297162;0,100638679;0,350061199;0,004776603;0,609005589;3A;JP
Japan;Japan;2011;BiocapPerCap;0,05742424;0,090777495;0,100140036;0,349663094;0,004737529;0,602742395;3A;JP
Japan;Japan;2012;BiocapPerCap;0,057894874;0,091370442;0,100168814;0,348769744;0,00472348;0,602927354;3A;JP
Japan;Japan;2013;BiocapPerCap;0,058886421;0,092812333;0,100656269;0,348180892;0,004730953;0,605266868;3A;JP
Japan;Japan;2014;BiocapPerCap;0,058817816;0,092488877;0,101072645;0,347431443;0,004727198;0,604537979;3A;JP
Mexico;Mexico;1961;BiocapPerCap;0,02095181;0,402634504;0,450316065;1,839166927;0,74921204;3,462281345;3A;MX
Mexico;Mexico;1962;BiocapPerCap;0,021497176;0,397721877;0,43538626;1,767034545;0,72437262;3,346012477;3A;MX
Mexico;Mexico;1963;BiocapPerCap;0,023022897;0,411447576;0,420564664;1,695525161;0,699713233;3,25027353;3A;MX
Mexico;Mexico;1964;BiocapPerCap;0,027356617;0,472549925;0,406813813;1,628297032;0,676835295;3,211852682;3A;MX
Mexico;Mexico;1965;BiocapPerCap;0,028275697;0,471941402;0,393019663;1,56572016;0,653885319;3,112842241;3A;MX
Mexico;Mexico;1966;BiocapPerCap;0,031014224;0,500438996;0,38103415;1,506892453;0,633944457;3,05332428;3A;MX
Mexico;Mexico;1967;BiocapPerCap;0,030925532;0,482307424;0,368560902;1,448039461;0,613192126;2,943025445;3A;MX
Mexico;Mexico;1968;BiocapPerCap;0,032850298;0,495273605;0,356819614;1,38761896;0,593657592;2,866220069;3A;MX
Mexico;Mexico;1969;BiocapPerCap;0,032301418;0,470827435;0,343584686;1,330368027;0,571638019;2,748719585;3A;MX
Mexico;Mexico;1970;BiocapPerCap;0,036865518;0,493137837;0,33366467;1,275583801;0,562282403;2,701534229;3A;MX
Mexico;Mexico;1971;BiocapPerCap;0,036095592;0,468654265;0,322668761;1,223222407;0,538640242;2,589281267;3A;MX
Mexico;Mexico;1972;BiocapPerCap;0,034990524;0,440575379;0,3135018;1,172933988;0,524562477;2,486564168;3A;MX
Mexico;Mexico;1973;BiocapPerCap;0,037268888;0,456361451;0,301773378;1,126302589;0,506045877;2,427752183;3A;MX
Mexico;Mexico;1974;BiocapPerCap;0,037488177;0,444547006;0,293543208;1,079352546;0,493322251;2,348253188;3A;MX
Mexico;Mexico;1975;BiocapPerCap;0,038738958;0,446602554;0,284801047;1,037487708;0,478453059;2,286083326;3A;MX
Mexico;Mexico;1976;BiocapPerCap;0,035571787;0,399242903;0,276501381;0,998043074;0,464337849;2,173696995;3A;MX
Mexico;Mexico;1977;BiocapPerCap;0,039288258;0,430959638;0,270360295;0,961309258;0,453850799;2,155768248;3A;MX
Mexico;Mexico;1978;BiocapPerCap;0,042585618;0,45586817;0,26384258;0,925355356;0,446126832;2,133778556;3A;MX
Mexico;Mexico;1979;BiocapPerCap;0,038763956;0,401222601;0,257798151;0,887204191;0,43574038;2,020729279;3A;MX
Mexico;Mexico;1980;BiocapPerCap;0,044337756;0,452787288;0,251676229;0,846710059;0,425274004;2,020785336;3A;MX
Mexico;Mexico;1981;BiocapPerCap;0,048089892;0,484897008;0,246402738;0,818365478;0,415447907;2,013203024;3A;MX
Mexico;Mexico;1982;BiocapPerCap;0,042804868;0,424851559;0,239668781;0,792203587;0,403975763;1,903504557;3A;MX
Mexico;Mexico;1983;BiocapPerCap;0,047029178;0,469438176;0,23395948;0,766633692;0,405186232;1,922246758;3A;MX
Mexico;Mexico;1984;BiocapPerCap;0,045894538;0,446423454;0,22757234;0,762425692;0,394637548;1,876953572;3A;MX
Mexico;Mexico;1985;BiocapPerCap;0,050337801;0,486736781;0,221691913;0,745508601;0,384911355;1,88918645;3A;MX
Mexico;Mexico;1986;BiocapPerCap;0,04736336;0,446544219;0,215649619;0,728225947;0,374883413;1,812666557;3A;MX
Mexico;Mexico;1987;BiocapPerCap;0,048183572;0,466933846;0,211042817;0,728617494;0,367346177;1,822123906;3A;MX
Mexico;Mexico;1988;BiocapPerCap;0,042251755;0,408810193;0,206397465;0,71401038;0,359681305;1,731151097;3A;MX
Mexico;Mexico;1989;BiocapPerCap;0,039302969;0,388089329;0,202044883;0,69942443;0,352503944;1,681365554;3A;MX
Mexico;Mexico;1990;BiocapPerCap;0,04414863;0,446107337;0,198390141;0,692541466;0,346532193;1,727719766;3A;MX
Mexico;Mexico;1991;BiocapPerCap;0,040131784;0,41263797;0,194150356;0,677525082;0,339518266;1,663963459;3A;MX
Mexico;Mexico;1992;BiocapPerCap;0,037592762;0,379821407;0,19206322;0,671034744;0,335711727;1,61622386;3A;MX
Mexico;Mexico;1993;BiocapPerCap;0,039009721;0,387445256;0,18820299;0,657647787;0,32871384;1,601019594;3A;MX
Mexico;Mexico;1994;BiocapPerCap;0,040304701;0,393660652;0,184255423;0,643953183;0,321601495;1,583775455;3A;MX
Mexico;Mexico;1995;BiocapPerCap;0,040371245;0,387958998;0,180289673;0,629897668;0,314447402;1,552964985;3A;MX
Mexico;Mexico;1996;BiocapPerCap;0,044454323;0,422174703;0,176775478;0,61802902;0,308128463;1,569561986;3A;MX
Mexico;Mexico;1997;BiocapPerCap;0,041499286;0,388093551;0,173577656;0,604806982;0,302312287;1,510289763;3A;MX
Mexico;Mexico;1998;BiocapPerCap;0,043105923;0,397237346;0,170632951;0,592637504;0,297000471;1,500614195;3A;MX
Mexico;Mexico;1999;BiocapPerCap;0,041089454;0,373517674;0,167933864;0,58072957;0,292068153;1,455338716;3A;MX
Mexico;Mexico;2000;BiocapPerCap;0,040440827;0,363037606;0,165611031;0,57026145;0,28781144;1,427162355;3A;MX
Mexico;Mexico;2001;BiocapPerCap;0,043693225;0,390889226;0,163594593;0,56063293;0,28414908;1,442959053;3A;MX
Mexico;Mexico;2002;BiocapPerCap;0,042262396;0,374241076;0,161521952;0,55304699;0,280323698;1,411396112;3A;MX
Mexico;Mexico;2003;BiocapPerCap;0,043899717;0,384945315;0,158805101;0,542898913;0,275386964;1,40593601;3A;MX
Mexico;Mexico;2004;BiocapPerCap;0,043734318;0,379599601;0,156518753;0,534170525;0,271270956;1,385294153;3A;MX
Mexico;Mexico;2005;BiocapPerCap;0,038952086;0,334339313;0,153657859;0,524995127;0,266098173;1,31804256;3A;MX
Mexico;Mexico;2006;BiocapPerCap;0,043088399;0,365329273;0,151102261;0,517397256;0,261461645;1,338378834;3A;MX
Mexico;Mexico;2007;BiocapPerCap;0,04268679;0,358733847;0,148586036;0,507497261;0,256957742;1,314461675;3A;MX
Mexico;Mexico;2008;BiocapPerCap;0,043607647;0,365731592;0,146625081;0,497755018;0,252417631;1,306136969;3A;MX
Mexico;Mexico;2009;BiocapPerCap;0,039423672;0,325425474;0,144970494;0,48693208;0,249569231;1,24632095;3A;MX
Mexico;Mexico;2010;BiocapPerCap;0,043544314;0,349213195;0,142360349;0,479248476;0,24616688;1,260533213;3A;MX
Mexico;Mexico;2011;BiocapPerCap;0,037050942;0,287226324;0,139525516;0,470887893;0,242762605;1,177453281;3A;MX
Mexico;Mexico;2012;BiocapPerCap;0,043412892;0,333783166;0,137492915;0,462100872;0,238783298;1,215573143;3A;MX
Mexico;Mexico;2013;BiocapPerCap;0,042623727;0,321541013;0,136131532;0,453944818;0,236828136;1,191069225;3A;MX
Mexico;Mexico;2014;BiocapPerCap;0,04584779;0,341351016;0,134698358;0,445763724;0,234328798;1,201989686;3A;MX
Russian Federation;Russia;1992;BiocapPerCap;0,035499021;0,957688053;1,167022363;4,241350236;0,318937937;6,720497611;3A;RU
Russian Federation;Russia;1993;BiocapPerCap;0,033509555;0,887023605;1,166422605;4,248202649;0,316983159;6,652141574;3A;RU
Russian Federation;Russia;1994;BiocapPerCap;0,029849849;0,784890685;1,165650641;4,253495276;0,31574529;6,549631741;3A;RU
Russian Federation;Russia;1995;BiocapPerCap;0,024740519;0,646069537;1,163966028;4,255249136;0,3139813;6,404006521;3A;RU
Russian Federation;Russia;1996;BiocapPerCap;0,025712636;0,665014158;1,164280138;4,270819537;0,318145468;6,443971937;3A;RU
Russian Federation;Russia;1997;BiocapPerCap;0,030222268;0,791900506;1,166178544;4,276053246;0,320400128;6,584754691;3A;RU
Russian Federation;Russia;1998;BiocapPerCap;0,018965768;0,492769549;1,168777268;4,286348606;0,323918667;6,290779858;3A;RU
Russian Federation;Russia;1999;BiocapPerCap;0,022002205;0,568353402;1,171014256;4,294684247;0,32737824;6,38343235;3A;RU
Russian Federation;Russia;2000;BiocapPerCap;0,025398524;0,6554086;1,178405112;4,309007008;0,332424859;6,500644103;3A;RU
Russian Federation;Russia;2001;BiocapPerCap;0,031464797;0,811836854;1,185207661;4,321725793;0,335084345;6,685319449;3A;RU
Russian Federation;Russia;2002;BiocapPerCap;0,031752843;0,82004547;1,190161567;4,345879246;0,337289053;6,725128178;3A;RU
Russian Federation;Russia;2003;BiocapPerCap;0,027608089;0,710725766;1,189674149;4,346816504;0,339194803;6,61401931;3A;RU
Russian Federation;Russia;2004;BiocapPerCap;0,029683823;0,764451351;1,191954654;4,357439989;0,340307028;6,683836846;3A;RU
Russian Federation;Russia;2005;BiocapPerCap;0,031061097;0,799840251;1,189709689;4,363780558;0,339954599;6,724346194;3A;RU
Russian Federation;Russia;2006;BiocapPerCap;0,031871787;0,8209464;1,190645821;4,387890314;0,340021928;6,77137625;3A;RU
Russian Federation;Russia;2007;BiocapPerCap;0,032777278;0,845181043;1,190589457;4,391137856;0,339924629;6,799610263;3A;RU
Russian Federation;Russia;2008;BiocapPerCap;0,039287807;1,014071233;1,194620235;4,392937849;0,340852538;6,981769661;3A;RU
Russian Federation;Russia;2009;BiocapPerCap;0,036043356;0,930364606;1,200039529;4,380684675;0,342205366;6,889337532;3A;RU
Russian Federation;Russia;2010;BiocapPerCap;0,025445377;0,641767492;1,19635514;4,391659956;0,345982058;6,601210024;3A;RU
Russian Federation;Russia;2011;BiocapPerCap;0,036634866;0,931293694;1,189360696;4,38279491;0,34284596;6,882930125;3A;RU
Russian Federation;Russia;2012;BiocapPerCap;0,028663334;0,726467135;1,188007286;4,365428381;0,342455825;6,651021961;3A;RU
Russian Federation;Russia;2013;BiocapPerCap;0,034175523;0,883453085;1,191669294;4,350406289;0,343511438;6,803215628;3A;RU
Russian Federation;Russia;2014;BiocapPerCap;0,037207863;0,968268991;1,194291885;4,332732888;0,344267428;6,876769056;3A;RU
South Africa;South Africa;1973;BiocapPerCap;0,01870104;0,342433363;0,376284346;0,043660623;1,251770578;2,03284995;3A;ZA
South Africa;South Africa;1974;BiocapPerCap;0,032269464;0,577424011;0,367671585;0,042460212;1,219699548;2,239524821;3A;ZA
South Africa;South Africa;1975;BiocapPerCap;0,026614499;0,465492925;0,358069855;0,041392039;1,184082676;2,075651994;3A;ZA
South Africa;South Africa;1976;BiocapPerCap;0,024808523;0,424665364;0,348725091;0,040361412;1,149655829;1,988216219;3A;ZA
South Africa;South Africa;1977;BiocapPerCap;0,028377588;0,472424622;0,341827787;0,03938491;1,12663976;2,008654668;3A;ZA
South Africa;South Africa;1978;BiocapPerCap;0,029824737;0,483838061;0,33411759;0,038378236;1,100956352;1,987114977;3A;ZA
South Africa;South Africa;1979;BiocapPerCap;0,026018701;0,410273296;0,326585205;0,03745973;1,075871015;1,876207947;3A;ZA
South Africa;South Africa;1980;BiocapPerCap;0,030018764;0,460241986;0,318521597;0,036357461;1,049177371;1,89431718;3A;ZA
South Africa;South Africa;1981;BiocapPerCap;0,037057128;0,552096024;0,311089459;0,035455143;1,02444421;1,960141964;3A;ZA
South Africa;South Africa;1982;BiocapPerCap;0,027173058;0,393093671;0,30149275;0,03458503;0,992572263;1,748916773;3A;ZA
South Africa;South Africa;1983;BiocapPerCap;0,019173204;0,270312298;0,293094929;0,033712507;0,964925016;1,581217954;3A;ZA
South Africa;South Africa;1984;BiocapPerCap;0,02218561;0,305060953;0,284010231;0,032859995;0,935016438;1,579133227;3A;ZA
South Africa;South Africa;1985;BiocapPerCap;0,026926994;0,36152287;0,275858557;0,032036475;0,908179556;1,604524452;3A;ZA
South Africa;South Africa;1986;BiocapPerCap;0,02803553;0,375156019;0,26785602;0,03123736;0,883159682;1,585444611;3A;ZA
South Africa;South Africa;1987;BiocapPerCap;0,032102541;0,418855283;0,261888136;0,030574328;0,866659514;1,610079801;3A;ZA
South Africa;South Africa;1988;BiocapPerCap;0,033387372;0,428213614;0,25593558;0,029939387;0,84903201;1,596507963;3A;ZA
South Africa;South Africa;1989;BiocapPerCap;0,03502542;0,443016838;0,250182612;0,029286141;0,832984592;1,590495603;3A;ZA
South Africa;South Africa;1990;BiocapPerCap;0,030004394;0,373819718;0,245013908;0,028537037;0,817758916;1,495133973;3A;ZA
South Africa;South Africa;1991;BiocapPerCap;0,029023588;0,35580495;0,238810671;0,027881769;0,799954204;1,451475183;3A;ZA
South Africa;South Africa;1992;BiocapPerCap;0,015399356;0,187858077;0,235059283;0,027551664;0,789293513;1,255161894;3A;ZA
South Africa;South Africa;1993;BiocapPerCap;0,028211661;0,342257916;0,229160673;0,026938291;0,771344547;1,397913088;3A;ZA
South Africa;South Africa;1994;BiocapPerCap;0,03152956;0,374443838;0,223443823;0,02634282;0,754813435;1,410573476;3A;ZA
South Africa;South Africa;1995;BiocapPerCap;0,02126947;0,248290211;0,218125021;0,025778914;0,738611197;1,252074813;3A;ZA
South Africa;South Africa;1996;BiocapPerCap;0,03149246;0,365245348;0,213804769;0,025355234;0,725713637;1,361611448;3A;ZA
South Africa;South Africa;1997;BiocapPerCap;0,02933542;0,335904087;0,210201761;0,024913197;0,713484705;1,313839172;3A;ZA
South Africa;South Africa;1998;BiocapPerCap;0,02568204;0,289911523;0,207040957;0,024528035;0,702990502;1,250153056;3A;ZA
South Africa;South Africa;1999;BiocapPerCap;0,028531289;0,318924219;0,204067231;0,024138078;0,692894269;1,268555086;3A;ZA
South Africa;South Africa;2000;BiocapPerCap;0,031854785;0,352479298;0,201291003;0,023774959;0,683468492;1,292868537;3A;ZA
South Africa;South Africa;2001;BiocapPerCap;0,028471292;0,307876175;0,198589813;0,023397415;0,674295142;1,232629837;3A;ZA
South Africa;South Africa;2002;BiocapPerCap;0,032101955;0,34230251;0,19561635;0,023079679;0,664199193;1,257299687;3A;ZA
South Africa;South Africa;2003;BiocapPerCap;0,027861631;0,290590039;0,191814361;0,022647743;0,65128859;1,184202363;3A;ZA
South Africa;South Africa;2004;BiocapPerCap;0,028545722;0,286673392;0,1886809;0,02229093;0,640645473;1,166836418;3A;ZA
South Africa;South Africa;2005;BiocapPerCap;0,030988706;0,303989633;0,18511823;0,021945027;0,628547289;1,170588885;3A;ZA
South Africa;South Africa;2006;BiocapPerCap;0,026424946;0,244431301;0,182208137;0,021685302;0,61865951;1,093409198;3A;ZA
South Africa;South Africa;2007;BiocapPerCap;0,024293894;0,221741945;0,179560235;0,021353539;0,609668969;1,056618582;3A;ZA
South Africa;South Africa;2008;BiocapPerCap;0,033804384;0,309654463;0,17771959;0,02104299;0,603421686;1,145643114;3A;ZA
South Africa;South Africa;2009;BiocapPerCap;0,033230107;0,297819238;0,176278851;0,020687874;0,598528234;1,126544304;3A;ZA
South Africa;South Africa;2010;BiocapPerCap;0,031249161;0,274605288;0,173631482;0,020459287;0,589535182;1,089480401;3A;ZA
South Africa;South Africa;2011;BiocapPerCap;0,032115628;0,26775235;0,170644949;0,020185815;0,579394932;1,070093674;3A;ZA
South Africa;South Africa;2012;BiocapPerCap;0,032226092;0,275597393;0,168605799;0,019889205;0,572473766;1,068792255;3A;ZA
South Africa;South Africa;2013;BiocapPerCap;0,031087927;0,262980318;0,167383597;0,019617605;0,568323979;1,049393426;3A;ZA
South Africa;South Africa;2014;BiocapPerCap;0,035049346;0,293456403;0,166106439;0,019347229;0,563987595;1,077947013;3A;ZA
Turkey;Turkey;1961;BiocapPerCap;0,014796909;0,831905728;0,118932813;1,501266427;0,243470556;2,710372434;3A;TR
Turkey;Turkey;1962;BiocapPerCap;0,015656379;0,865682805;0,115860685;1,466582865;0,236136668;2,699919402;3A;TR
Turkey;Turkey;1963;BiocapPerCap;0,018019856;1,002877141;0,112788711;1,431269189;0,228858502;2,7938134;3A;TR
Turkey;Turkey;1964;BiocapPerCap;0,015607598;0,847760595;0,109960389;1,398232395;0,222127938;2,593688913;3A;TR
Turkey;Turkey;1965;BiocapPerCap;0,015713518;0,835768994;0,107068503;1,367808336;0,215320556;2,541679907;3A;TR
Turkey;Turkey;1966;BiocapPerCap;0,017228236;0,903740258;0,104608947;1,33920673;0,209430874;2,574215045;3A;TR
Turkey;Turkey;1967;BiocapPerCap;0,017961126;0,9163073;0,101957368;1,309139676;0,203202848;2,548568319;3A;TR
Turkey;Turkey;1968;BiocapPerCap;0,017008646;0,859507738;0,099463612;1,276313989;0,197335768;2,449629754;3A;TR
Turkey;Turkey;1969;BiocapPerCap;0,017314231;0,891749654;0,09652309;1,245251604;0,189760847;2,440599427;3A;TR
Turkey;Turkey;1970;BiocapPerCap;0,017097624;0,848944002;0,094490186;1,215432363;0,184059973;2,360024147;3A;TR
Turkey;Turkey;1971;BiocapPerCap;0,020279627;0,991773185;0,092128338;1,186824879;0,177797605;2,468803634;3A;TR
Turkey;Turkey;1972;BiocapPerCap;0,019435767;0,948468953;0,090246509;1,158914556;0,172538165;2,38960395;3A;TR
Turkey;Turkey;1973;BiocapPerCap;0,015856753;0,756981836;0,087553965;1,132984274;0,165811258;2,159188087;3A;TR
Turkey;Turkey;1974;BiocapPerCap;0,017582037;0,809080159;0,085773628;1,10471476;0,160892579;2,178043164;3A;TR
Turkey;Turkey;1975;BiocapPerCap;0,021803678;0,970639704;0,083731457;1,079473503;0,155551702;2,311200044;3A;TR
Turkey;Turkey;1976;BiocapPerCap;0,023277642;1,014111009;0,081716978;1,054799064;0,150335437;2,324240131;3A;TR
Turkey;Turkey;1977;BiocapPerCap;0,023081544;0,991046352;0,080253474;1,03047516;0,146195536;2,271052066;3A;TR
Turkey;Turkey;1978;BiocapPerCap;0,022958203;0,967833913;0,078586211;1,00596579;0,14174092;2,217085037;3A;TR
Turkey;Turkey;1979;BiocapPerCap;0,023635123;1,000043785;0,076960002;0,983749214;0,140195909;2,224584034;3A;TR
Turkey;Turkey;1980;BiocapPerCap;0,023424897;0,958191396;0,075214389;0,958857015;0,137015973;2,15270367;3A;TR
Turkey;Turkey;1981;BiocapPerCap;0,02376885;0,951086921;0,073629738;0,937228429;0,134129258;2,119843197;3A;TR
Turkey;Turkey;1982;BiocapPerCap;0,027166513;1,009002323;0,07154052;0,916561538;0,130323388;2,154594282;3A;TR
Turkey;Turkey;1983;BiocapPerCap;0,025613976;0,913389119;0,069733189;0,895819527;0,127031023;2,031586833;3A;TR
Turkey;Turkey;1984;BiocapPerCap;0,026840115;0,963879583;0,067748598;0,875451459;0,124637687;2,058557441;3A;TR
Turkey;Turkey;1985;BiocapPerCap;0,027562611;0,973030917;0,065968669;0,855646225;0,126122474;2,048330896;3A;TR
Turkey;Turkey;1986;BiocapPerCap;0,030547599;1,054923146;0,064195349;0,836131776;0,127363547;2,113161417;3A;TR
Turkey;Turkey;1987;BiocapPerCap;0,031012389;1,067395962;0,062892348;0,820044008;0,130450139;2,111794846;3A;TR
Turkey;Turkey;1988;BiocapPerCap;0,0328224;1,10242693;0,061615979;0,80501478;0,127802719;2,129682808;3A;TR
Turkey;Turkey;1989;BiocapPerCap;0,026465045;0,87736587;0,060457475;0,790411545;0,130851933;1,885551868;3A;TR
Turkey;Turkey;1990;BiocapPerCap;0,032486167;1,050119536;0,059531162;0,773637043;0,128847057;2,044620966;3A;TR
Turkey;Turkey;1991;BiocapPerCap;0,032332012;1,019317391;0,058510395;0,760925426;0,126475084;1,997560308;3A;TR
Turkey;Turkey;1992;BiocapPerCap;0,031233835;0,960932156;0,058154468;0,75799083;0,125544371;1,93385566;3A;TR
Turkey;Turkey;1993;BiocapPerCap;0,033007681;0,991552062;0,057261217;0,747255595;0,123457465;1,95253402;3A;TR
Turkey;Turkey;1994;BiocapPerCap;0,031591889;0,927129745;0,056318648;0,735856665;0,121269626;1,872166573;3A;TR
Turkey;Turkey;1995;BiocapPerCap;0,031879042;0,914440781;0,055334333;0,72355178;0,118997532;1,844203468;3A;TR
Turkey;Turkey;1996;BiocapPerCap;0,033805821;0,948284292;0,054455168;0,713303066;0,116957003;1,866805351;3A;TR
Turkey;Turkey;1997;BiocapPerCap;0,032839251;0,901237718;0,053644023;0,70108133;0,115067516;1,803869838;3A;TR
Turkey;Turkey;1998;BiocapPerCap;0,037914941;1,018472684;0,052874537;0,689566957;0,113272022;1,91210114;3A;TR
Turkey;Turkey;1999;BiocapPerCap;0,033488177;0,880864883;0,052137168;0,677750596;0,111549749;1,755790574;3A;TR
Turkey;Turkey;2000;BiocapPerCap;0,03649325;0,940345688;0,051470921;0,666991524;0,109983767;1,80528515;3A;TR
Turkey;Turkey;2001;BiocapPerCap;0,033364061;0,8557271;0,050798384;0,656621338;0,10848226;1,704993142;3A;TR
Turkey;Turkey;2002;BiocapPerCap;0,035650034;0,910137576;0,050066378;0,648061442;0,106855548;1,750770978;3A;TR
Turkey;Turkey;2003;BiocapPerCap;0,034436;0,875104133;0,049133553;0,636441642;0,104802349;1,699917678;3A;TR
Turkey;Turkey;2004;BiocapPerCap;0,035362411;0,894536364;0,048381182;0,627053443;0,103136206;1,708469606;3A;TR
Turkey;Turkey;2005;BiocapPerCap;0,036373361;0,915920409;0,047524459;0,618049357;0,101249658;1,719117244;3A;TR
Turkey;Turkey;2006;BiocapPerCap;0,035488634;0,88959171;0,046850759;0,611680474;0,099754986;1,683366564;3A;TR
Turkey;Turkey;2007;BiocapPerCap;0,032046418;0,763622572;0,046251083;0,609443065;0,098478151;1,549841289;3A;TR
Turkey;Turkey;2008;BiocapPerCap;0,031048058;0,71986447;0,045834008;0,607309123;0,097590112;1,50164577;3A;TR
Turkey;Turkey;2009;BiocapPerCap;0,034575128;0,784512598;0,045450792;0,6027859;0,096774166;1,564098584;3A;TR
Turkey;Turkey;2010;BiocapPerCap;0,035564206;0,798553389;0,044663434;0,600530374;0,095097717;1,57440912;3A;TR
Turkey;Turkey;2011;BiocapPerCap;0,036952844;0,790523316;0,043689725;0,595120083;0,093024488;1,559310456;3A;TR
Turkey;Turkey;2012;BiocapPerCap;0,035576612;0,752597566;0,042886329;0,587830596;0,091313891;1,510204994;3A;TR
Turkey;Turkey;2013;BiocapPerCap;0,03710938;0,771385199;0,042266142;0,58075781;0,089993385;1,521511915;3A;TR
Turkey;Turkey;2014;BiocapPerCap;0,034092161;0,700821009;0,041666742;0,574034263;0,088717138;1,439331313;3A;TR
United States of America;United States;1961;BiocapPerCap;0,037655858;1,186466184;0,543022203;2,71403473;0,525664234;5,006843209;3A;US
United States of America;United States;1962;BiocapPerCap;0,037314852;1,136374252;0,533890211;2,67325613;0,516080515;4,89691596;3A;US
United States of America;United States;1963;BiocapPerCap;0,03883722;1,182538249;0,52482793;2,631883614;0,498952071;4,877039085;3A;US
United States of America;United States;1964;BiocapPerCap;0,036944299;1,100741637;0,517014682;2,595467293;0,489749405;4,739917316;3A;US
United States of America;United States;1965;BiocapPerCap;0,041214759;1,206847372;0,509034042;2,564809169;0,478252306;4,800157649;3A;US
United States of America;United States;1966;BiocapPerCap;0,040606248;1,167191787;0,503245879;2,538507438;0,474260553;4,723811904;3A;US
United States of America;United States;1967;BiocapPerCap;0,043877575;1,239574326;0,496646803;2,510202303;0,469484058;4,759785063;3A;US
United States of America;United States;1968;BiocapPerCap;0,043750398;1,26907935;0,490907246;2,477195764;0,45534968;4,736282437;3A;US
United States of America;United States;1969;BiocapPerCap;0,042688742;1,281950986;0,48299846;2,448007138;0,435578591;4,691223917;3A;US
United States of America;United States;1970;BiocapPerCap;0,040688216;1,207613767;0,479640501;2,421076491;0,431588901;4,580607875;3A;US
United States of America;United States;1971;BiocapPerCap;0,046197429;1,354699641;0,474654762;2,391988396;0,426188159;4,693728387;3A;US
United States of America;United States;1972;BiocapPerCap;0,045073167;1,306052469;0,472124999;2,363931378;0,423166881;4,610348894;3A;US
United States of America;United States;1973;BiocapPerCap;0,047764322;1,36835318;0,465147908;2,339162072;0,415878029;4,636305511;3A;US
United States of America;United States;1974;BiocapPerCap;0,042441965;1,201468892;0,46262981;2,307866706;0,412801064;4,427208438;3A;US
United States of America;United States;1975;BiocapPerCap;0,048616102;1,363920297;0,458244147;2,280634843;0,40888777;4,56030316;3A;US
United States of America;United States;1976;BiocapPerCap;0,048094249;1,336886421;0,453461275;2,252076121;0,40462005;4,495138116;3A;US
United States of America;United States;1977;BiocapPerCap;0,051251682;1,411814818;0,45126748;2,224205833;0,40282644;4,541366252;3A;US
United States of America;United States;1978;BiocapPerCap;0,051561233;1,424315335;0,447632192;2,194976718;0,393154128;4,511639606;3A;US
United States of America;United States;1979;BiocapPerCap;0,056565173;1,547617429;0,444108373;2,16463176;0,390059167;4,602981901;3A;US
United States of America;United States;1980;BiocapPerCap;0,051140326;1,385928617;0,439873832;2,123495995;0,386339982;4,386778753;3A;US
United States of America;United States;1981;BiocapPerCap;0,059277681;1,591362494;0,436576302;2,094376153;0,383443769;4,565036399;3A;US
United States of America;United States;1982;BiocapPerCap;0,061285356;1,623013328;0,430144214;2,068253706;0,383538595;4,566235198;3A;US
United States of America;United States;1983;BiocapPerCap;0,045234665;1,186744276;0,425061909;2,045323507;0,379006952;4,081371308;3A;US
United States of America;United States;1984;BiocapPerCap;0,058582542;1,522473667;0,418341639;2,020676714;0,373014815;4,393089377;3A;US
United States of America;United States;1985;BiocapPerCap;0,062702658;1,614063274;0,412194604;1,995012851;0,367533804;4,451507191;3A;US
United States of America;United States;1986;BiocapPerCap;0,057843783;1,474648791;0,405402757;1,966285182;0,361477845;4,265658358;3A;US
United States of America;United States;1987;BiocapPerCap;0,056790523;1,418419699;0,400994787;1,942972394;0,353932749;4,173110153;3A;US
United States of America;United States;1988;BiocapPerCap;0,045232332;1,118618329;0,396269999;1,92925642;0,349762477;3,839139557;3A;US
United States of America;United States;1989;BiocapPerCap;0,055096604;1,349106009;0,391916704;1,925808865;0,345917627;4,067845809;3A;US
United States of America;United States;1990;BiocapPerCap;0,060737974;1,472547833;0,388767238;1,921541886;0,343130154;4,186725085;3A;US
United States of America;United States;1991;BiocapPerCap;0,05610372;1,346774205;0,384352819;1,904998493;0,33923394;4,031463177;3A;US
United States of America;United States;1992;BiocapPerCap;0,064571568;1,521749395;0,384072741;1,911779247;0,338845302;4,221018252;3A;US
United States of America;United States;1993;BiocapPerCap;0,054116743;1,254286242;0,380000075;1,897681287;0,333446488;3,919530835;3A;US
United States of America;United States;1994;BiocapPerCap;0,0673194;1,5371089;0,375305624;1,88037452;0,327937339;4,188045783;3A;US
United States of America;United States;1995;BiocapPerCap;0,057010229;1,287272324;0,370034486;1,859184097;0,322064564;3,8955657;3A;US
United States of America;United States;1996;BiocapPerCap;0,064440774;1,415647743;0,365166357;1,84169495;0,316184037;4,003133862;3A;US
United States of America;United States;1997;BiocapPerCap;0,067595437;1,456859917;0,360513974;1,81780587;0,311702288;4,014477486;3A;US
United States of America;United States;1998;BiocapPerCap;0,068798642;1,457593591;0,356045039;1,795143746;0,308342951;3,98592397;3A;US
United States of America;United States;1999;BiocapPerCap;0,068009668;1,414073631;0,351862738;1,771927562;0,305135847;3,911009446;3A;US
United States of America;United States;2000;BiocapPerCap;0,069248137;1,423715326;0,348335688;1,752247013;0,302683061;3,896229225;3A;US
United States of America;United States;2001;BiocapPerCap;0,066348248;1,35049274;0,345343738;1,734258007;0,300687175;3,797129908;3A;US
United States of America;United States;2002;BiocapPerCap;0,064221264;1,241852121;0,342142645;1,721995448;0,3032271;3,673438578;3A;US
United States of America;United States;2003;BiocapPerCap;0,068158846;1,334017672;0,337596031;1,701727468;0,296544719;3,738044736;3A;US
United States of America;United States;2004;BiocapPerCap;0,076893265;1,452638699;0,334100239;1,686453338;0,295363485;3,845449026;3A;US
United States of America;United States;2005;BiocapPerCap;0,073960572;1,369124853;0,329578372;1,670671496;0,293572244;3,736907537;3A;US
United States of America;United States;2006;BiocapPerCap;0,072171026;1,286152382;0,325930506;1,663015062;0,292154436;3,639423413;3A;US
United States of America;United States;2007;BiocapPerCap;0,073665011;1,351430643;0,32253938;1,648697643;0,286933778;3,683266454;3A;US
United States of America;United States;2008;BiocapPerCap;0,076739144;1,353617714;0,346242539;1,635131347;0,290371636;3,70210238;3A;US
United States of America;United States;2009;BiocapPerCap;0,082536802;1,40907823;0,344699445;1,617616648;0,289133201;3,743064325;3A;US
United States of America;United States;2010;BiocapPerCap;0,080042515;1,337704523;0,340782105;1,609809969;0,286128225;3,654467336;3A;US
United States of America;United States;2011;BiocapPerCap;0,075287252;1,214662572;0,336187697;1,595721772;0,282275291;3,504134584;3A;US
United States of America;United States;2012;BiocapPerCap;0,07525623;1,231663745;0,33341456;1,579567943;0,280990471;3,500892949;3A;US
United States of America;United States;2013;BiocapPerCap;0,081472803;1,299582737;0,332160803;1,564862902;0,279587756;3,557667001;3A;US
United States of America;United States;2014;BiocapPerCap;0,083459448;1,341757927;0,330624398;1,549343419;0,27857943;3,583764622;3A;US
United Kingdom;United Kingdom;1961;BiocapPerCap;0,067963963;0,296552753;0,383491075;0,104132058;0,16897078;1,021110629;3A;GB
United Kingdom;United Kingdom;1962;BiocapPerCap;0,07608014;0,332048335;0,379852921;0,10427245;0,166599181;1,058853028;3A;GB
United Kingdom;United Kingdom;1963;BiocapPerCap;0,075147413;0,327802756;0,37580243;0,104548584;0,163972597;1,04727378;3A;GB
United Kingdom;United Kingdom;1964;BiocapPerCap;0,079123541;0,345760908;0,372335663;0,105094925;0,16132867;1,063643706;3A;GB
United Kingdom;United Kingdom;1965;BiocapPerCap;0,086806141;0,375757729;0,368558776;0,106040565;0,158519193;1,095682404;3A;GB
United Kingdom;United Kingdom;1966;BiocapPerCap;0,081687926;0,35071234;0,366218586;0,107051197;0,157257652;1,062927702;3A;GB
United Kingdom;United Kingdom;1967;BiocapPerCap;0,092333104;0,393403934;0,363169342;0,107638336;0,156141153;1,112685869;3A;GB
United Kingdom;United Kingdom;1968;BiocapPerCap;0,081751502;0,345029216;0,360702415;0,10741693;0,153937728;1,048837791;3A;GB
United Kingdom;United Kingdom;1969;BiocapPerCap;0,088828616;0,367116545;0,356667379;0,107934949;0,152790951;1,07333844;3A;GB
United Kingdom;United Kingdom;1970;BiocapPerCap;0,087315429;0,356460622;0,356089644;0,107613894;0,147144938;1,054624527;3A;GB
United Kingdom;United Kingdom;1971;BiocapPerCap;0,093357448;0,381317013;0,354428846;0,10875265;0,146160274;1,084016231;3A;GB
United Kingdom;United Kingdom;1972;BiocapPerCap;0,095575299;0,389018834;0,354741368;0,110947903;0,145377844;1,095661248;3A;GB
United Kingdom;United Kingdom;1973;BiocapPerCap;0,094277026;0,379981394;0,35186635;0,112768825;0,14403073;1,082924324;3A;GB
United Kingdom;United Kingdom;1974;BiocapPerCap;0,099021995;0,397930274;0,352544087;0,112963132;0,143757076;1,106216564;3A;GB
United Kingdom;United Kingdom;1975;BiocapPerCap;0,089528431;0,349368896;0,351998653;0,114200897;0,144683986;1,049780863;3A;GB
United Kingdom;United Kingdom;1976;BiocapPerCap;0,08044602;0,314639078;0,35134603;0,115543326;0,144075255;1,006049709;3A;GB
United Kingdom;United Kingdom;1977;BiocapPerCap;0,103617397;0,406597392;0,352890295;0,11660285;0,143627036;1,12333497;3A;GB
United Kingdom;United Kingdom;1978;BiocapPerCap;0,101529609;0,399191277;0,353423538;0,116420135;0,14358963;1,114154188;3A;GB
United Kingdom;United Kingdom;1979;BiocapPerCap;0,109734933;0,425074359;0,354048713;0,117476984;0,14447549;1,150810479;3A;GB
United Kingdom;United Kingdom;1980;BiocapPerCap;0,118553478;0,464952878;0,354019505;0,118133443;0,143890251;1,199549556;3A;GB
United Kingdom;United Kingdom;1981;BiocapPerCap;0,120031124;0,469676352;0,35463891;0,11917207;0,142609644;1,206128101;3A;GB
United Kingdom;United Kingdom;1982;BiocapPerCap;0,135262498;0,529358747;0,352592895;0,120436965;0,141323592;1,278974697;3A;GB
United Kingdom;United Kingdom;1983;BiocapPerCap;0,126591484;0,493958248;0,351503424;0,125506087;0,140312579;1,23787182;3A;GB
United Kingdom;United Kingdom;1984;BiocapPerCap;0,159936954;0,6251887;0,34889685;0,126656634;0,13895137;1,399630509;3A;GB
United Kingdom;United Kingdom;1985;BiocapPerCap;0,141106592;0,556467852;0,346593281;0,127243655;0,137043147;1,308454527;3A;GB
United Kingdom;United Kingdom;1986;BiocapPerCap;0,152361533;0,595187855;0,343561852;0,127996217;0,135894065;1,355001523;3A;GB
United Kingdom;United Kingdom;1987;BiocapPerCap;0,14392063;0,560525496;0,342384844;0,12941866;0,135320299;1,31156993;3A;GB
United Kingdom;United Kingdom;1988;BiocapPerCap;0,142285303;0,548851773;0,340822269;0,128975795;0,138411848;1,299346987;3A;GB
United Kingdom;United Kingdom;1989;BiocapPerCap;0,151308871;0,566697526;0,339511592;0,128566444;0,138185835;1,324270268;3A;GB
United Kingdom;United Kingdom;1990;BiocapPerCap;0,154485847;0,56982791;0,339225551;0,127688328;0,137684159;1,328911795;3A;GB
United Kingdom;United Kingdom;1991;BiocapPerCap;0,158135966;0,582192276;0,337801499;0,128048476;0,136968416;1,343146633;3A;GB
United Kingdom;United Kingdom;1992;BiocapPerCap;0,158311927;0,581743117;0,339994996;0,129981562;0,137719168;1,347750771;3A;GB
United Kingdom;United Kingdom;1993;BiocapPerCap;0,141194095;0,517865589;0,338882567;0,130527324;0,137130374;1,265599948;3A;GB
United Kingdom;United Kingdom;1994;BiocapPerCap;0,147819664;0,541148799;0,337318833;0,130897443;0,136360048;1,293544787;3A;GB
United Kingdom;United Kingdom;1995;BiocapPerCap;0,149296497;0,545530623;0,335368892;0,13105212;0,135435033;1,296683165;3A;GB
United Kingdom;United Kingdom;1996;BiocapPerCap;0,165523465;0,603691649;0,333931232;0,13153037;0,134718279;1,369394994;3A;GB
United Kingdom;United Kingdom;1997;BiocapPerCap;0,159348072;0,580082217;0,332779062;0,131587827;0,134117757;1,337914935;3A;GB
United Kingdom;United Kingdom;1998;BiocapPerCap;0,160919659;0,584709342;0,331735373;0,131705529;0,13356185;1,342631754;3A;GB
United Kingdom;United Kingdom;1999;BiocapPerCap;0,160832101;0,58330124;0,330709274;0,13167764;0,133013871;1,339534127;3A;GB
United Kingdom;United Kingdom;2000;BiocapPerCap;0,162170686;0,587060415;0,32992489;0,131755482;0,13256385;1,343475322;3A;GB
United Kingdom;United Kingdom;2001;BiocapPerCap;0,136624368;0,493578378;0,32925184;0,13123165;0,132257327;1,222943563;3A;GB
United Kingdom;United Kingdom;2002;BiocapPerCap;0,160767974;0,579624;0,32802621;0,131000737;0,131729047;1,331147967;3A;GB
United Kingdom;United Kingdom;2003;BiocapPerCap;0,157543592;0,566849499;0,325155103;0,130021731;0,130540424;1,310110349;3A;GB
United Kingdom;United Kingdom;2004;BiocapPerCap;0,149156506;0,535587908;0,322966359;0,129294473;0,129626304;1,26663155;3A;GB
United Kingdom;United Kingdom;2005;BiocapPerCap;0,149261465;0,534883417;0,319485;0,128410503;0,128194001;1,260234386;3A;GB
United Kingdom;United Kingdom;2006;BiocapPerCap;0,144473044;0,516680954;0,316544584;0,127801612;0,126979455;1,232479649;3A;GB
United Kingdom;United Kingdom;2007;BiocapPerCap;0,139458343;0,489996857;0,313580474;0,126823842;0,124379252;1,194238767;3A;GB
United Kingdom;United Kingdom;2008;BiocapPerCap;0,159157114;0,549300468;0,311716717;0,125837526;0,124438815;1,270450641;3A;GB
United Kingdom;United Kingdom;2009;BiocapPerCap;0,149195891;0,504387749;0,310464182;0,124534048;0,12102807;1,20960994;3A;GB
United Kingdom;United Kingdom;2010;BiocapPerCap;0,154768363;0,511923186;0,307131512;0,124001715;0,119402555;1,217227332;3A;GB
United Kingdom;United Kingdom;2011;BiocapPerCap;0,150234301;0,498040522;0,303281547;0,123608117;0,116910631;1,192075119;3A;GB
United Kingdom;United Kingdom;2012;BiocapPerCap;0,130951081;0,437754257;0,301149799;0,123074825;0,11558066;1,108510621;3A;GB
United Kingdom;United Kingdom;2013;BiocapPerCap;0,131303924;0,43805774;0,300439841;0,12266278;0,115764493;1,108228779;3A;GB
United Kingdom;United Kingdom;2014;BiocapPerCap;0,15563516;0,512192186;0,2994725;0,122174043;0,115578939;1,205052827;3A;GB
Argentina;Argentina;1961;BiocapPerCap;0,04669184;1,132750259;3,473075845;1,6230021;4,126934537;10,40245458;3A;AR
Argentina;Argentina;1962;BiocapPerCap;0,043185272;1,062254786;3,410485372;1,598215869;3,988341652;10,10248295;3A;AR
Argentina;Argentina;1963;BiocapPerCap;0,05235804;1,29472015;3,346433485;1,572123353;3,849760562;10,11539559;3A;AR
Argentina;Argentina;1964;BiocapPerCap;0,056696114;1,408040858;3,288725265;1,548172756;3,720714098;10,02234909;3A;AR
Argentina;Argentina;1965;BiocapPerCap;0,04099631;1,025358639;3,228534891;1,526925095;3,591377174;9,413192109;3A;AR
Argentina;Argentina;1966;BiocapPerCap;0,043055035;1,118354339;3,181001705;1,507618388;3,480756289;9,330785756;3A;AR
Argentina;Argentina;1967;BiocapPerCap;0,045870944;1,213022753;3,126993202;1,486425123;3,363379327;9,235691348;3A;AR
Argentina;Argentina;1968;BiocapPerCap;0,036497572;1,013235994;3,076668149;1,461580327;3,254787767;8,842769811;3A;AR
Argentina;Argentina;1969;BiocapPerCap;0,037844217;1,120605294;3,010612465;1,437902642;3,133578843;8,740543461;3A;AR
Argentina;Argentina;1970;BiocapPerCap;0,040409588;1,183049527;2,970659783;1,414639376;3,088534106;8,697292381;3A;AR
Argentina;Argentina;1971;BiocapPerCap;0,042530689;1,225356497;2,918175529;1,391725392;3,030173688;8,607961795;3A;AR
Argentina;Argentina;1972;BiocapPerCap;0,038161487;1,081224585;2,878982728;1,368701667;2,985762376;8,352832843;3A;AR
Argentina;Argentina;1973;BiocapPerCap;0,043786819;1,219734761;2,812497747;1,347376532;2,913155277;8,336551135;3A;AR
Argentina;Argentina;1974;BiocapPerCap;0,043930734;1,203425138;2,774657417;1,322983655;2,870380949;8,215377894;3A;AR
Argentina;Argentina;1975;BiocapPerCap;0,045458176;1,225393996;2,728254292;1,302137716;2,818830235;8,120074415;3A;AR
Argentina;Argentina;1976;BiocapPerCap;0,04999347;1,327051673;2,682581553;1,281914629;2,768180273;8,109721597;3A;AR
Argentina;Argentina;1977;BiocapPerCap;0,046992388;1,229072281;2,654701556;1,262877471;2,735959552;7,929603248;3A;AR
Argentina;Argentina;1978;BiocapPerCap;0,058072698;1,496961654;2,619771545;1,242430518;2,696580476;8,11381689;3A;AR
Argentina;Argentina;1979;BiocapPerCap;0,055953258;1,421494625;2,58566293;1,224512052;2,658110483;7,945733349;3A;AR
Argentina;Argentina;1980;BiocapPerCap;0,048331331;1,209756495;2,546748528;1,200227973;2,61479498;7,619859308;3A;AR
Argentina;Argentina;1981;BiocapPerCap;0,057626361;1,420607231;2,512525209;1,182299182;2,576415724;7,749473707;3A;AR
Argentina;Argentina;1982;BiocapPerCap;0,0688353;1,732564843;2,460042897;1,16513696;2,522418872;7,948998872;3A;AR
Argentina;Argentina;1983;BiocapPerCap;0,06698718;1,660078879;2,415537971;1,147148465;2,473669097;7,763421591;3A;AR
Argentina;Argentina;1984;BiocapPerCap;0,071674144;1,748909828;2,362523991;1,128581032;2,416308039;7,727997034;3A;AR
Argentina;Argentina;1985;BiocapPerCap;0,064917374;1,559962774;2,313964279;1,109527142;2,363657487;7,412029056;3A;AR
Argentina;Argentina;1986;BiocapPerCap;0,064511294;1,527051866;2,26308001;1,089672105;2,308738468;7,253053744;3A;AR
Argentina;Argentina;1987;BiocapPerCap;0,059468141;1,377012774;2,22664974;1,073287367;2,268158538;7,004576559;3A;AR
Argentina;Argentina;1988;BiocapPerCap;0,0678705;1,524801872;2,189510316;1,057504576;2,226326642;7,066013906;3A;AR
Argentina;Argentina;1989;BiocapPerCap;0,055919216;1,242441669;2,155356887;1,041710943;2,191699285;6,687128001;3A;AR
Argentina;Argentina;1990;BiocapPerCap;0,067813909;1,490906974;2,128694913;1,023925315;2,164650121;6,875991231;3A;AR
Argentina;Argentina;1991;BiocapPerCap;0,071967304;1,566003973;2,095766235;1,002004322;2,131226658;6,866968491;3A;AR
Argentina;Argentina;1992;BiocapPerCap;0,071515264;1,540632654;2,086092913;0,992787476;2,121450783;6,812479089;3A;AR
Argentina;Argentina;1993;BiocapPerCap;0,06921653;1,476713394;2,057072118;0,973401057;2,091998376;6,668401473;3A;AR
Argentina;Argentina;1994;BiocapPerCap;0,069670735;1,472815469;2,026720962;0,953515676;2,06119868;6,583921521;3A;AR
Argentina;Argentina;1995;BiocapPerCap;0,078897395;1,653314295;1,995615893;0,932976346;2,029627791;6,690431721;3A;AR
Argentina;Argentina;1996;BiocapPerCap;0,076468905;1,589188211;1,969171396;0,915649468;2,00279508;6,55327306;3A;AR
Argentina;Argentina;1997;BiocapPerCap;0,088868678;1,832121251;1,945850857;0,896241114;1,979140458;6,742222357;3A;AR
Argentina;Argentina;1998;BiocapPerCap;0,105507134;2,158590958;1,924285767;0,877991068;1,957262812;7,023637738;3A;AR
Argentina;Argentina;1999;BiocapPerCap;0,103004158;2,090566855;1,903569105;0,859346799;1,936251529;6,892738445;3A;AR
Argentina;Argentina;2000;BiocapPerCap;0,106272523;2,141110122;1,884769232;0,841868404;1,917190984;6,891211265;3A;AR
Argentina;Argentina;2001;BiocapPerCap;0,106938826;2,138572825;1,866879022;0,823056768;1,899049996;6,834497437;3A;AR
Argentina;Argentina;2002;BiocapPerCap;0,112479266;2,18384335;1,846295368;0,806476248;1,888428539;6,837522771;3A;AR
Argentina;Argentina;2003;BiocapPerCap;0,111757887;2,206274845;1,817610493;0,786001661;1,885510412;6,807155298;3A;AR
Argentina;Argentina;2004;BiocapPerCap;0,102596144;2,157744039;1,794759383;0,768152136;1,888212998;6,711464699;3A;AR
Argentina;Argentina;2005;BiocapPerCap;0,108985649;2,429855374;1,767190845;0,750621148;1,885054027;6,941707044;3A;AR
Argentina;Argentina;2006;BiocapPerCap;0,098450232;2,316969991;1,745262111;0,736392508;1,884677647;6,781752489;3A;AR
Argentina;Argentina;2007;BiocapPerCap;0,107674892;2,633904513;1,725326097;0,719669714;1,886088007;7,072663224;3A;AR
Argentina;Argentina;2008;BiocapPerCap;0,114899761;2,683257169;1,712502837;0,703569217;1,895681598;7,109910582;3A;AR
Argentina;Argentina;2009;BiocapPerCap;0,079742788;1,787154787;1,702748777;0,685834374;1,893268906;6,148749632;3A;AR
Argentina;Argentina;2010;BiocapPerCap;0,09978993;2,477749188;1,680409082;0,672089608;1,868429628;6,798467436;3A;AR
Argentina;Argentina;2011;BiocapPerCap;0,104886797;2,636870594;1,653843274;0,65715258;1,838891378;6,891644624;3A;AR
Argentina;Argentina;2012;BiocapPerCap;0,094181264;2,407443247;1,635588913;0,64129695;1,818594542;6,597104916;3A;AR
Argentina;Argentina;2013;BiocapPerCap;0,096419;2,435281263;1,624436019;0,626106332;1,806193753;6,588436367;3A;AR
Argentina;Argentina;2014;BiocapPerCap;0,105008823;2,588882258;1,611977007;0,610837954;1,792340705;6,709046747;3A;AR
Italy;Italy;1961;BiocapPerCap;0,034720759;0,557741779;0,077981603;0,339133197;0,065280985;1,074858323;3A;IT
Italy;Italy;1962;BiocapPerCap;0,035329684;0,562233048;0,077196126;0,338442251;0,064534049;1,077735158;3A;IT
Italy;Italy;1963;BiocapPerCap;0,03525151;0,550789493;0,076307581;0,343999357;0,063634293;1,069982235;3A;IT
Italy;Italy;1964;BiocapPerCap;0,035605607;0,550892736;0,075524217;0,34399366;0,062773755;1,068789974;3A;IT
Italy;Italy;1965;BiocapPerCap;0,037579061;0,574395697;0,074667397;0,34223898;0,0622684;1,091149535;3A;IT
Italy;Italy;1966;BiocapPerCap;0,037241596;0,564020676;0,074091854;0,340876338;0,061690545;1,077921009;3A;IT
Italy;Italy;1967;BiocapPerCap;0,040034856;0,600559962;0,073357425;0,338944303;0,061102442;1,113998987;3A;IT
Italy;Italy;1968;BiocapPerCap;0,037706208;0,561515368;0,072716029;0,337913067;0,060441077;1,07029175;3A;IT
Italy;Italy;1969;BiocapPerCap;0,04079099;0,595185342;0,071723673;0,335423678;0,059824993;1,102948676;3A;IT
Italy;Italy;1970;BiocapPerCap;0,041257128;0,597726934;0,071385303;0,333398442;0,059245162;1,103012969;3A;IT
Italy;Italy;1971;BiocapPerCap;0,048528938;0,588128495;0,070786185;0,331524822;0,053902947;1,092871387;3A;IT
Italy;Italy;1972;BiocapPerCap;0,04575752;0,546762655;0,07054478;0,331486968;0,05324194;1,047793863;3A;IT
Italy;Italy;1973;BiocapPerCap;0,046414536;0,548539335;0,069649218;0,330486013;0,052673342;1,047762444;3A;IT
Italy;Italy;1974;BiocapPerCap;0,046949771;0,554100807;0,069456332;0,331654509;0,052353378;1,054514798;3A;IT
Italy;Italy;1975;BiocapPerCap;0,048779585;0,573801054;0,069034711;0,330699689;0,051990176;1,074305215;3A;IT
Italy;Italy;1976;BiocapPerCap;0,045813033;0,53796184;0,068611141;0,329440388;0,051550834;1,033377236;3A;IT
Italy;Italy;1977;BiocapPerCap;0,043106031;0,503160955;0,0686344;0,328743199;0,051493203;0,995137788;3A;IT
Italy;Italy;1978;BiocapPerCap;0,04760922;0,557144637;0,068482094;0,327987724;0,05155743;1,052781105;3A;IT
Italy;Italy;1979;BiocapPerCap;0,04835406;0,564971931;0,068372132;0,326995776;0,051488545;1,060182445;3A;IT
Italy;Italy;1980;BiocapPerCap;0,049207587;0,572521182;0,068163909;0,324928616;0,051109716;1,06593101;3A;IT
Italy;Italy;1981;BiocapPerCap;0,052184089;0,605058142;0,068109204;0,324174284;0,051043624;1,100569343;3A;IT
Italy;Italy;1982;BiocapPerCap;0,047350577;0,547308359;0,067575324;0,324235886;0,050589925;1,03706007;3A;IT
Italy;Italy;1983;BiocapPerCap;0,054753518;0,62811587;0,067266768;0,325050819;0,048921988;1,124108964;3A;IT
Italy;Italy;1984;BiocapPerCap;0,051546105;0,588667164;0,066719178;0,324811164;0,048595105;1,080338716;3A;IT
Italy;Italy;1985;BiocapPerCap;0,0538146;0,607144231;0,066286726;0,324471863;0,047998281;1,0997157;3A;IT
Italy;Italy;1986;BiocapPerCap;0,053667641;0,603331563;0,065775176;0,339093616;0,047459378;1,109327375;3A;IT
Italy;Italy;1987;BiocapPerCap;0,058915522;0,660513896;0,0656726;0,339333052;0,047335149;1,17177022;3A;IT
Italy;Italy;1988;BiocapPerCap;0,05365313;0,597698624;0,065532184;0,339942307;0,046515323;1,103341568;3A;IT
Italy;Italy;1989;BiocapPerCap;0,054827099;0,609152064;0,065452004;0,340158134;0,046677657;1,116266957;3A;IT
Italy;Italy;1990;BiocapPerCap;0,050114896;0,556667685;0,065563804;0,33889779;0,046697184;1,05794136;3A;IT
Italy;Italy;1991;BiocapPerCap;0,059144501;0,652838931;0,065440512;0,339210745;0,04662364;1,163258329;3A;IT
Italy;Italy;1992;BiocapPerCap;0,056535919;0,620142628;0,066005885;0,343620603;0,047040836;1,133345871;3A;IT
Italy;Italy;1993;BiocapPerCap;0,056219098;0,612828931;0,065929843;0,34435614;0,047001017;1,126335029;3A;IT
Italy;Italy;1994;BiocapPerCap;0,056655605;0,613760863;0,065784245;0,344731748;0,046911564;1,127844024;3A;IT
Italy;Italy;1995;BiocapPerCap;0,05812654;0,625812499;0,065592788;0,344707135;0,046789334;1,141028295;3A;IT
Italy;Italy;1996;BiocapPerCap;0,054445103;0,58257846;0,06554258;0,345762851;0,046767808;1,095096801;3A;IT
Italy;Italy;1997;BiocapPerCap;0,054769534;0,58246889;0,065579021;0,345885246;0,046808106;1,095510797;3A;IT
Italy;Italy;1998;BiocapPerCap;0,057659285;0,609471146;0,06562944;0,346137408;0,0468584;1,125755681;3A;IT
Italy;Italy;1999;BiocapPerCap;0,061363407;0,644696861;0,0656239;0,345703753;0,04686875;1,164256672;3A;IT
Italy;Italy;2000;BiocapPerCap;0,056998813;0,595231559;0,065573832;0,345070494;0,046847285;1,109721983;3A;IT
Italy;Italy;2001;BiocapPerCap;0,05566852;0,578361859;0,065437191;0,343420071;0,046732998;1,08962064;3A;IT
Italy;Italy;2002;BiocapPerCap;0,056496574;0,58397194;0,065103853;0,342081547;0,046478358;1,094132272;3A;IT
Italy;Italy;2003;BiocapPerCap;0,049305236;0,507052321;0,064419031;0,338660513;0,045973051;1,005410152;3A;IT
Italy;Italy;2004;BiocapPerCap;0,061398891;0,628231919;0,06392662;0,336199288;0,045605361;1,135362078;3A;IT
Italy;Italy;2005;BiocapPerCap;0,057941907;0,589877422;0,063289636;0,333920078;0,045134821;1,090163863;3A;IT
Italy;Italy;2006;BiocapPerCap;0,053377278;0,540685369;0,062887227;0,333036139;0,044831834;1,034817848;3A;IT
Italy;Italy;2007;BiocapPerCap;0,053783352;0,531622965;0,062580848;0,333177414;0,045449208;1,026613786;3A;IT
Italy;Italy;2008;BiocapPerCap;0,052685278;0,547213359;0,062564718;0,333659325;0,044610523;1,040733203;3A;IT
Italy;Italy;2009;BiocapPerCap;0,049964432;0,484266382;0,062693746;0,333390257;0,045024578;0,975339395;3A;IT
Italy;Italy;2010;BiocapPerCap;0,04925916;0,486580414;0,062387683;0,335096371;0,046093668;0,979417296;3A;IT
Italy;Italy;2011;BiocapPerCap;0,05115983;0,471859182;0,061951132;0,336040277;0,045944089;0,966954509;3A;IT
Italy;Italy;2012;BiocapPerCap;0,048194241;0,461701562;0,061852791;0,336556964;0,043039178;0,951344736;3A;IT
Italy;Italy;2013;BiocapPerCap;0,048798036;0,444357481;0,062042778;0,337387324;0,045028211;0,937613831;3A;IT
Italy;Italy;2014;BiocapPerCap;0,049013711;0,445813416;0,062187699;0,338046493;0,041924953;0,936986272;3A;IT