Country Name;Short Name;year;Record;Built-up Land;Cropland;Forest Products;Total;isoa2
Germany;Germany;1961;EFConsTotGHA;4508944;50848053;34038128;314812906;DE
Germany;Germany;1962;EFConsTotGHA;5365563;61042327;35185355;342804948;DE
Germany;Germany;1963;EFConsTotGHA;5556140;57028828;31841615;350606550;DE
Germany;Germany;1964;EFConsTotGHA;5538744;57958495;34342936;365151691;DE
Germany;Germany;1965;EFConsTotGHA;5238184;57341761;35539398;373468090;DE
Germany;Germany;1966;EFConsTotGHA;5271125;58452384;36347978;373002711;DE
Germany;Germany;1967;EFConsTotGHA;6507943;64377206;34089392;371626070;DE
Germany;Germany;1968;EFConsTotGHA;6556474;64204055;37637211;394203291;DE
Germany;Germany;1969;EFConsTotGHA;6495381;64374933;43239011;425868188;DE
Germany;Germany;1970;EFConsTotGHA;6168911;65497801;44919519;537256168;DE
Germany;Germany;1971;EFConsTotGHA;6905275;71320285;44458492;543288519;DE
Germany;Germany;1972;EFConsTotGHA;7017025;74957491;42533746;559455612;DE
Germany;Germany;1973;EFConsTotGHA;7030282;71646155;47362747;572080838;DE
Germany;Germany;1974;EFConsTotGHA;7557680;72139464;43628671;538791082;DE
Germany;Germany;1975;EFConsTotGHA;7286006;70335628;39029537;518323574;DE
Germany;Germany;1976;EFConsTotGHA;6067420;69597945;43478505;547534134;DE
Germany;Germany;1977;EFConsTotGHA;7011400;72010288;45636126;544735257;DE
Germany;Germany;1978;EFConsTotGHA;7321914;77276384;46884930;564638005;DE
Germany;Germany;1979;EFConsTotGHA;7314020;76218745;47910476;585358899;DE
Germany;Germany;1980;EFConsTotGHA;7263242;77905964;50149891;562096514;DE
Germany;Germany;1981;EFConsTotGHA;7180483;75981949;47158945;527695814;DE
Germany;Germany;1982;EFConsTotGHA;7871996;81323062;45969966;514331259;DE
Germany;Germany;1983;EFConsTotGHA;7094433;79720762;46145505;511431948;DE
Germany;Germany;1984;EFConsTotGHA;8246100;84441588;46620808;520525350;DE
Germany;Germany;1985;EFConsTotGHA;8596137;87137834;45409135;526255656;DE
Germany;Germany;1986;EFConsTotGHA;8487600;80968359;47054751;527226556;DE
Germany;Germany;1987;EFConsTotGHA;8386311;78412034;47580941;521979072;DE
Germany;Germany;1988;EFConsTotGHA;8610999;79757380;48317441;521801007;DE
Germany;Germany;1989;EFConsTotGHA;8608638;77336045;52368413;519810578;DE
Germany;Germany;1990;EFConsTotGHA;8581805;78918264;80933090;547587665;DE
Germany;Germany;1991;EFConsTotGHA;9104516;76780185;41943983;508289130;DE
Germany;Germany;1992;EFConsTotGHA;8242400;69993665;43492226;494733592;DE
Germany;Germany;1993;EFConsTotGHA;8437067;70584790;42640851;474607676;DE
Germany;Germany;1994;EFConsTotGHA;9072326;69972284;46794106;482536802;DE
Germany;Germany;1995;EFConsTotGHA;9476662;71578892;43376445;477917694;DE
Germany;Germany;1996;EFConsTotGHA;9665320;69053949;40490108;473713457;DE
Germany;Germany;1997;EFConsTotGHA;10370220;73352757;41171069;467069638;DE
Germany;Germany;1998;EFConsTotGHA;10943837;73675425;42300076;470340404;DE
Germany;Germany;1999;EFConsTotGHA;11206492;71755699;41183202;439133251;DE
Germany;Germany;2000;EFConsTotGHA;11254276;68339342;51655401;449551847;DE
Germany;Germany;2001;EFConsTotGHA;12217506;74006416;39511817;444179094;DE
Germany;Germany;2002;EFConsTotGHA;10762272;67101394;37296156;423890771;DE
Germany;Germany;2003;EFConsTotGHA;10116820;66395852;42982317;430389289;DE
Germany;Germany;2004;EFConsTotGHA;12231624;79671118;41577383;437261752;DE
Germany;Germany;2005;EFConsTotGHA;11368904;72042440;37978024;422577117;DE
Germany;Germany;2006;EFConsTotGHA;10878163;70980838;44455293;442086014;DE
Germany;Germany;2007;EFConsTotGHA;10611638;75972930;52199771;441560893;DE
Germany;Germany;2008;EFConsTotGHA;11712253;76161043;36626498;432128580;DE
Germany;Germany;2009;EFConsTotGHA;12058740;76307213;29279743;407918441;DE
Germany;Germany;2010;EFConsTotGHA;11490678;70632931;39844118;436989875;DE
Germany;Germany;2011;EFConsTotGHA;10254834;68489239;42091182;429787119;DE
Germany;Germany;2012;EFConsTotGHA;11102126;70386950;39581367;414883134;DE
Germany;Germany;2013;EFConsTotGHA;11534049;68814180;40863407;417395618;DE
Germany;Germany;2014;EFConsTotGHA;12637396;73777567;41252659;407058581;DE
Brazil;Brazil;1961;EFConsTotGHA;3413788;34075857;46227989;179679058;BR
Brazil;Brazil;1962;EFConsTotGHA;3543881;37533386;47515190;188435430;BR
Brazil;Brazil;1963;EFConsTotGHA;3373377;35320936;46521059;187830792;BR
Brazil;Brazil;1964;EFConsTotGHA;3258965;35887640;46556439;189658894;BR
Brazil;Brazil;1965;EFConsTotGHA;3999078;43120764;47166092;197968078;BR
Brazil;Brazil;1966;EFConsTotGHA;3762075;39586928;48613361;202803858;BR
Brazil;Brazil;1967;EFConsTotGHA;4115639;44660595;50271294;212109048;BR
Brazil;Brazil;1968;EFConsTotGHA;4044953;43421240;51464858;218899488;BR
Brazil;Brazil;1969;EFConsTotGHA;4177602;43429807;52678932;223291085;BR
Brazil;Brazil;1970;EFConsTotGHA;4258288;44457711;54383718;233685180;BR
Brazil;Brazil;1971;EFConsTotGHA;4586120;49960675;55354004;247359385;BR
Brazil;Brazil;1972;EFConsTotGHA;4594338;48733635;55042371;253580413;BR
Brazil;Brazil;1973;EFConsTotGHA;4563134;48218916;54914413;265343490;BR
Brazil;Brazil;1974;EFConsTotGHA;5052852;55300685;57213097;291249747;BR
Brazil;Brazil;1975;EFConsTotGHA;4863885;50929052;61089667;292907933;BR
Brazil;Brazil;1976;EFConsTotGHA;5117591;51607644;63837645;312800917;BR
Brazil;Brazil;1977;EFConsTotGHA;5328592;57049709;66891458;329762775;BR
Brazil;Brazil;1978;EFConsTotGHA;5180943;57714312;71817810;343434117;BR
Brazil;Brazil;1979;EFConsTotGHA;5367598;62013513;77705994;362147280;BR
Brazil;Brazil;1980;EFConsTotGHA;6185790;66458128;82187047;375456110;BR
Brazil;Brazil;1981;EFConsTotGHA;6357731;64030448;81740101;362747582;BR
Brazil;Brazil;1982;EFConsTotGHA;6543851;66177267;84349524;366403703;BR
Brazil;Brazil;1983;EFConsTotGHA;6709505;60993635;84981258;355136209;BR
Brazil;Brazil;1984;EFConsTotGHA;7606504;70518413;86090273;367595307;BR
Brazil;Brazil;1985;EFConsTotGHA;8870650;79536276;88144185;380757025;BR
Brazil;Brazil;1986;EFConsTotGHA;8126840;85524623;89585801;417729279;BR
Brazil;Brazil;1987;EFConsTotGHA;9308684;86155166;91516106;415910520;BR
Brazil;Brazil;1988;EFConsTotGHA;9430671;84030801;90798200;408749386;BR
Brazil;Brazil;1989;EFConsTotGHA;10111212;88453219;96943037;434452277;BR
Brazil;Brazil;1990;EFConsTotGHA;8932197;78176913;93626942;433166697;BR
Brazil;Brazil;1991;EFConsTotGHA;8667448;84606180;94701221;445918496;BR
Brazil;Brazil;1992;EFConsTotGHA;9429003;87867810;96316289;448428353;BR
Brazil;Brazil;1993;EFConsTotGHA;9633899;90052377;96833245;457729075;BR
Brazil;Brazil;1994;EFConsTotGHA;10375497;98886261;98266139;477856733;BR
Brazil;Brazil;1995;EFConsTotGHA;9814397;101771937;100832854;505324920;BR
Brazil;Brazil;1996;EFConsTotGHA;9193949;94619810;102384734;507282715;BR
Brazil;Brazil;1997;EFConsTotGHA;10122121;96244644;102294362;510434146;BR
Brazil;Brazil;1998;EFConsTotGHA;10487997;98097350;99535036;511501698;BR
Brazil;Brazil;1999;EFConsTotGHA;11496588;101713916;110964491;520897340;BR
Brazil;Brazil;2000;EFConsTotGHA;12051479;108753515;113631161;542047504;BR
Brazil;Brazil;2001;EFConsTotGHA;13023511;102008005;102392831;523419029;BR
Brazil;Brazil;2002;EFConsTotGHA;13479444;107811226;105894242;530886962;BR
Brazil;Brazil;2003;EFConsTotGHA;14971029;121742881;117487434;546714512;BR
Brazil;Brazil;2004;EFConsTotGHA;14969492;115135668;105863651;525815014;BR
Brazil;Brazil;2005;EFConsTotGHA;14094637;105661226;102483328;504717784;BR
Brazil;Brazil;2006;EFConsTotGHA;14691476;110167493;101821496;509192498;BR
Brazil;Brazil;2007;EFConsTotGHA;16023266;121107808;103664831;532127184;BR
Brazil;Brazil;2008;EFConsTotGHA;17465008;137979402;98829550;566244440;BR
Brazil;Brazil;2009;EFConsTotGHA;17142915;125088097;95416028;544250290;BR
Brazil;Brazil;2010;EFConsTotGHA;18023414;136711358;101501996;592356705;BR
Brazil;Brazil;2011;EFConsTotGHA;18650117;140890472;111466470;622817918;BR
Brazil;Brazil;2012;EFConsTotGHA;18597471;130060284;118639441;619095395;BR
Brazil;Brazil;2013;EFConsTotGHA;19677603;139537126;111003817;628376288;BR
Brazil;Brazil;2014;EFConsTotGHA;19292815;145494133;103918102;634245134;BR
Turkey;Turkey;1961;EFConsTotGHA;417706;23576449;4184455;44649341;TR
Turkey;Turkey;1962;EFConsTotGHA;452625;24680172;4316605;45584803;TR
Turkey;Turkey;1963;EFConsTotGHA;533333;29727808;4979082;52917123;TR
Turkey;Turkey;1964;EFConsTotGHA;472800;24660794;6015068;48614520;TR
Turkey;Turkey;1965;EFConsTotGHA;487122;24766613;7084982;51073981;TR
Turkey;Turkey;1966;EFConsTotGHA;546450;27450488;7238105;56871440;TR
Turkey;Turkey;1967;EFConsTotGHA;582809;27841197;7446608;58488795;TR
Turkey;Turkey;1968;EFConsTotGHA;564624;26971059;8114461;60035336;TR
Turkey;Turkey;1969;EFConsTotGHA;588150;29085652;8940999;64169985;TR
Turkey;Turkey;1970;EFConsTotGHA;594518;29035969;8667706;64299243;TR
Turkey;Turkey;1971;EFConsTotGHA;722119;34143908;8645580;71445971;TR
Turkey;Turkey;1972;EFConsTotGHA;708927;32173443;9228322;73233560;TR
Turkey;Turkey;1973;EFConsTotGHA;592517;25106427;9172308;67250405;TR
Turkey;Turkey;1974;EFConsTotGHA;672912;30708923;9782320;74317328;TR
Turkey;Turkey;1975;EFConsTotGHA;854390;37510518;9578978;83566361;TR
Turkey;Turkey;1976;EFConsTotGHA;933449;38064546;10972258;90470353;TR
Turkey;Turkey;1977;EFConsTotGHA;946809;37850729;11074032;94501725;TR
Turkey;Turkey;1978;EFConsTotGHA;963167;35822248;11114466;90250715;TR
Turkey;Turkey;1979;EFConsTotGHA;1014239;40007738;11410390;93449250;TR
Turkey;Turkey;1980;EFConsTotGHA;1028488;39542289;11217014;94261280;TR
Turkey;Turkey;1981;EFConsTotGHA;1068096;39056596;11016995;93511358;TR
Turkey;Turkey;1982;EFConsTotGHA;1249602;42198795;11085665;97918756;TR
Turkey;Turkey;1983;EFConsTotGHA;1205716;37938864;10276277;97469091;TR
Turkey;Turkey;1984;EFConsTotGHA;1292034;43819591;10033563;103973276;TR
Turkey;Turkey;1985;EFConsTotGHA;1355476;46169374;8695671;108872357;TR
Turkey;Turkey;1986;EFConsTotGHA;1533095;51116598;9855570;117757818;TR
Turkey;Turkey;1987;EFConsTotGHA;1586866;52644926;9841662;127638687;TR
Turkey;Turkey;1988;EFConsTotGHA;1710916;50655018;9850318;122596561;TR
Turkey;Turkey;1989;EFConsTotGHA;1404409;46945397;9060605;122375853;TR
Turkey;Turkey;1990;EFConsTotGHA;1754077;58271995;9493309;139719032;TR
Turkey;Turkey;1991;EFConsTotGHA;1775334;51260132;9205749;134106265;TR
Turkey;Turkey;1992;EFConsTotGHA;1743194;48716916;11395906;136494820;TR
Turkey;Turkey;1993;EFConsTotGHA;1871783;57422626;14861426;158174006;TR
Turkey;Turkey;1994;EFConsTotGHA;1819970;51181648;11733817;137913217;TR
Turkey;Turkey;1995;EFConsTotGHA;1865634;55764427;13299463;157432571;TR
Turkey;Turkey;1996;EFConsTotGHA;2009806;59304685;14429391;167521674;TR
Turkey;Turkey;1997;EFConsTotGHA;1983297;57752457;14018745;169000067;TR
Turkey;Turkey;1998;EFConsTotGHA;2325888;64124297;14210159;177605035;TR
Turkey;Turkey;1999;EFConsTotGHA;2086166;56263198;14137315;165046626;TR
Turkey;Turkey;2000;EFConsTotGHA;2307840;63574009;15185535;185252663;TR
Turkey;Turkey;2001;EFConsTotGHA;2141395;54593763;12235257;150151322;TR
Turkey;Turkey;2002;EFConsTotGHA;2321737;63137330;14327702;178201650;TR
Turkey;Turkey;2003;EFConsTotGHA;2274845;62289925;14242774;184847229;TR
Turkey;Turkey;2004;EFConsTotGHA;2368348;64491878;15521572;188842748;TR
Turkey;Turkey;2005;EFConsTotGHA;2468318;65239595;19026828;203196792;TR
Turkey;Turkey;2006;EFConsTotGHA;2438236;64546336;19925795;215225131;TR
Turkey;Turkey;2007;EFConsTotGHA;2227722;64197232;21538383;228490539;TR
Turkey;Turkey;2008;EFConsTotGHA;2184056;63750536;20855833;221771098;TR
Turkey;Turkey;2009;EFConsTotGHA;2463868;64056612;19998256;215539196;TR
Turkey;Turkey;2010;EFConsTotGHA;2571661;65349146;22930987;233688474;TR
Turkey;Turkey;2011;EFConsTotGHA;2716662;67613227;23584136;249885619;TR
Turkey;Turkey;2012;EFConsTotGHA;2662881;66177817;25197910;253496631;TR
Turkey;Turkey;2013;EFConsTotGHA;2828610;66886686;24192724;249514578;TR
Turkey;Turkey;2014;EFConsTotGHA;2642953;62179650;24927419;248685538;TR
United States of America;United States;1961;EFConsTotGHA;7119856;189086047;210893735;1522783088;US
United States of America;United States;1962;EFConsTotGHA;7159264;184070642;219560489;1576471059;US
United States of America;United States;1963;EFConsTotGHA;7554383;191460104;215702250;1644448242;US
United States of America;United States;1964;EFConsTotGHA;7279098;169381818;228020639;1680333747;US
United States of America;United States;1965;EFConsTotGHA;8218387;192890548;236146030;1782796169;US
United States of America;United States;1966;EFConsTotGHA;8187397;181265968;243008163;1860393628;US
United States of America;United States;1967;EFConsTotGHA;8938432;207542355;236042216;1926270505;US
United States of America;United States;1968;EFConsTotGHA;8998931;222032726;250725553;2044247494;US
United States of America;United States;1969;EFConsTotGHA;8862140;232354970;252829551;2112446546;US
United States of America;United States;1970;EFConsTotGHA;8523611;205293917;249684776;2169331364;US
United States of America;United States;1971;EFConsTotGHA;9764196;242781746;261359037;2255468370;US
United States of America;United States;1972;EFConsTotGHA;9610500;214933985;259345878;2325429300;US
United States of America;United States;1973;EFConsTotGHA;10273771;197343065;263747355;2390260482;US
United States of America;United States;1974;EFConsTotGHA;9209991;177952416;258317347;2283236255;US
United States of America;United States;1975;EFConsTotGHA;10645176;211056811;227955295;2195964057;US
United States of America;United States;1976;EFConsTotGHA;10628492;205025213;255179878;2345294943;US
United States of America;United States;1977;EFConsTotGHA;11433788;222196194;264212539;2445346485;US
United States of America;United States;1978;EFConsTotGHA;11613600;200578789;294856974;2440844718;US
United States of America;United States;1979;EFConsTotGHA;12863599;224513413;297146283;2486679734;US
United States of America;United States;1980;EFConsTotGHA;11741205;167182390;271692187;2265471675;US
United States of America;United States;1981;EFConsTotGHA;13738551;216176265;268517699;2262013409;US
United States of America;United States;1982;EFConsTotGHA;14337954;235249367;260426543;2175207702;US
United States of America;United States;1983;EFConsTotGHA;10682708;133586140;293411673;2098816158;US
United States of America;United States;1984;EFConsTotGHA;13966312;218949681;322035425;2311755859;US
United States of America;United States;1985;EFConsTotGHA;15092028;278484318;319724254;2392503542;US
United States of America;United States;1986;EFConsTotGHA;14057890;249077829;342008345;2386857126;US
United States of America;United States;1987;EFConsTotGHA;13937814;215676966;349945529;2415697463;US
United States of America;United States;1988;EFConsTotGHA;11211511;130343066;340000103;2399091058;US
United States of America;United States;1989;EFConsTotGHA;13792938;189572932;340628731;2482268397;US
United States of America;United States;1990;EFConsTotGHA;15357475;238522760;342964300;2499966558;US
United States of America;United States;1991;EFConsTotGHA;14327038;203809800;317016200;2421326584;US
United States of America;United States;1992;EFConsTotGHA;16653523;247886745;325200302;2535842340;US
United States of America;United States;1993;EFConsTotGHA;14098872;183006028;332514402;2527924343;US
United States of America;United States;1994;EFConsTotGHA;17725265;269149679;341632578;2684107707;US
United States of America;United States;1995;EFConsTotGHA;15180455;172248907;336121108;2579382274;US
United States of America;United States;1996;EFConsTotGHA;17365693;234897797;333745714;2712931718;US
United States of America;United States;1997;EFConsTotGHA;18445645;261785939;347395407;2821146146;US
United States of America;United States;1998;EFConsTotGHA;19012780;271922159;359986135;2865803750;US
United States of America;United States;1999;EFConsTotGHA;19024412;259163123;368544413;2839741283;US
United States of America;United States;2000;EFConsTotGHA;19590020;259139650;369051650;2901190779;US
United States of America;United States;2001;EFConsTotGHA;18962063;248553002;359914287;2885054359;US
United States of America;United States;2002;EFConsTotGHA;18525972;226582034;364852043;2841568176;US
United States of America;United States;2003;EFConsTotGHA;19834564;250975375;367482952;2904593301;US
United States of America;United States;2004;EFConsTotGHA;22570556;304407127;383201932;3053315525;US
United States of America;United States;2005;EFConsTotGHA;21902683;290949697;383974390;3080895647;US
United States of America;United States;2006;EFConsTotGHA;21569105;264409849;372222810;3025679304;US
United States of America;United States;2007;EFConsTotGHA;22221492;281563591;327566195;2998535760;US
United States of America;United States;2008;EFConsTotGHA;23364997;289467855;276774115;2858400635;US
United States of America;United States;2009;EFConsTotGHA;25357946;319143948;227276735;2635110786;US
United States of America;United States;2010;EFConsTotGHA;24803254;289300563;256327963;2760288478;US
United States of America;United States;2011;EFConsTotGHA;23518984;267835075;257670490;2669324206;US
United States of America;United States;2012;EFConsTotGHA;23690586;281146838;253401788;2590955587;US
United States of America;United States;2013;EFConsTotGHA;25837958;312556732;260708025;2659144264;US
United States of America;United States;2014;EFConsTotGHA;26661037;332012007;265702528;2672526804;US
China;China;1961;EFConsTotGHA;24259366;178607920;136381039;640034985;CN
China;China;1962;EFConsTotGHA;26855622;191628224;133776537;619868944;CN
China;China;1963;EFConsTotGHA;28414133;200505110;136889851;636566227;CN
China;China;1964;EFConsTotGHA;31359590;216127392;139260568;658944526;CN
China;China;1965;EFConsTotGHA;34593074;231824426;141507885;697408833;CN
China;China;1966;EFConsTotGHA;38608758;249927767;143058178;742319979;CN
China;China;1967;EFConsTotGHA;40133590;250524504;143690887;719466059;CN
China;China;1968;EFConsTotGHA;39988045;242551145;145871909;729013496;CN
China;China;1969;EFConsTotGHA;41874985;246151218;146771146;777178180;CN
China;China;1970;EFConsTotGHA;47613630;273632238;148759365;888706526;CN
China;China;1971;EFConsTotGHA;50752680;279775172;152137640;942444689;CN
China;China;1972;EFConsTotGHA;50913370;276259655;156726761;974037156;CN
China;China;1973;EFConsTotGHA;55469506;296690838;159576483;1026413309;CN
China;China;1974;EFConsTotGHA;57471043;301052915;165984451;1042630018;CN
China;China;1975;EFConsTotGHA;60625174;304120580;178356920;1115296046;CN
China;China;1976;EFConsTotGHA;62603081;307091739;185347317;1151377253;CN
China;China;1977;EFConsTotGHA;61224080;302532588;187286114;1206778689;CN
China;China;1978;EFConsTotGHA;70484453;344006542;187213910;1323368875;CN
China;China;1979;EFConsTotGHA;76308835;369297679;189836250;1383167813;CN
China;China;1980;EFConsTotGHA;73227751;352857873;189716042;1345903894;CN
China;China;1981;EFConsTotGHA;77325001;368706626;188355840;1350797423;CN
China;China;1982;EFConsTotGHA;81987012;403417186;189097372;1411655755;CN
China;China;1983;EFConsTotGHA;84800171;427258060;193877573;1469240697;CN
China;China;1984;EFConsTotGHA;86763655;450238377;198835154;1552072219;CN
China;China;1985;EFConsTotGHA;81350173;431808298;199995364;1539040160;CN
China;China;1986;EFConsTotGHA;83732410;439544653;200988623;1592694454;CN
China;China;1987;EFConsTotGHA;88750260;472717588;202983435;1688159878;CN
China;China;1988;EFConsTotGHA;85883852;452725111;201115625;1732037309;CN
China;China;1989;EFConsTotGHA;87966756;467102275;198632508;1786144789;CN
China;China;1990;EFConsTotGHA;97825533;512263991;190350685;1833947737;CN
China;China;1991;EFConsTotGHA;96916463;499276819;190644648;1884480595;CN
China;China;1992;EFConsTotGHA;100658652;502252466;194711937;1976654814;CN
China;China;1993;EFConsTotGHA;106535543;514779652;195721911;2096009995;CN
China;China;1994;EFConsTotGHA;108329602;528179210;195541563;2173494835;CN
China;China;1995;EFConsTotGHA;112813621;566701879;195142790;2336463979;CN
China;China;1996;EFConsTotGHA;120133982;589216522;206793175;2400837858;CN
China;China;1997;EFConsTotGHA;122340490;592494110;209979259;2413919668;CN
China;China;1998;EFConsTotGHA;126594020;611232870;210405435;2475148541;CN
China;China;1999;EFConsTotGHA;129512320;617690860;212066178;2463340993;CN
China;China;2000;EFConsTotGHA;126793852;601982007;208074100;2528318320;CN
China;China;2001;EFConsTotGHA;128804528;602816090;209191249;2610703677;CN
China;China;2002;EFConsTotGHA;133966944;606956908;215428899;2735850520;CN
China;China;2003;EFConsTotGHA;130055831;587639696;217012430;2948780453;CN
China;China;2004;EFConsTotGHA;139844707;652396036;217764707;3287618645;CN
China;China;2005;EFConsTotGHA;139217666;650106520;211599048;3502967484;CN
China;China;2006;EFConsTotGHA;147172310;671829801;203699997;3718509958;CN
China;China;2007;EFConsTotGHA;147839878;668344496;207431417;3923320465;CN
China;China;2008;EFConsTotGHA;155266753;707667121;223931053;4066207282;CN
China;China;2009;EFConsTotGHA;157128505;734699187;249746505;4408230160;CN
China;China;2010;EFConsTotGHA;161315389;759565730;258892665;4670281974;CN
China;China;2011;EFConsTotGHA;163006937;755530214;272772754;4944562792;CN
China;China;2012;EFConsTotGHA;167913147;802771657;270030935;5038347066;CN
China;China;2013;EFConsTotGHA;169794072;814102845;280914572;5212415833;CN
China;China;2014;EFConsTotGHA;171544177;814872818;282255911;5196177567;CN
Argentina;Argentina;1961;EFConsTotGHA;978338;15660196;6564307;79135874;AR
Argentina;Argentina;1962;EFConsTotGHA;919315;10384222;5791418;66950688;AR
Argentina;Argentina;1963;EFConsTotGHA;1132075;18320515;5307979;64423740;AR
Argentina;Argentina;1964;EFConsTotGHA;1244700;17198522;6071643;74901424;AR
Argentina;Argentina;1965;EFConsTotGHA;913537;6536907;6567188;73852205;AR
Argentina;Argentina;1966;EFConsTotGHA;973418;10438891;4555860;75020396;AR
Argentina;Argentina;1967;EFConsTotGHA;1051921;16382272;4188769;84606896;AR
Argentina;Argentina;1968;EFConsTotGHA;848981;13397987;5387719;83623969;AR
Argentina;Argentina;1969;EFConsTotGHA;893350;14541778;5519971;80519471;AR
Argentina;Argentina;1970;EFConsTotGHA;968743;13371793;5417385;84621431;AR
Argentina;Argentina;1971;EFConsTotGHA;1036319;16527112;5633251;97803508;AR
Argentina;Argentina;1972;EFConsTotGHA;945752;17836419;5259474;100649497;AR
Argentina;Argentina;1973;EFConsTotGHA;1104014;17384082;4981553;108497255;AR
Argentina;Argentina;1974;EFConsTotGHA;1126581;17142323;5331102;119130016;AR
Argentina;Argentina;1975;EFConsTotGHA;1184958;20831106;5128512;121261993;AR
Argentina;Argentina;1976;EFConsTotGHA;1323687;19510909;5060288;114725612;AR
Argentina;Argentina;1977;EFConsTotGHA;1263089;8724265;5179130;104493019;AR
Argentina;Argentina;1978;EFConsTotGHA;1584089;16690063;4996247;103131508;AR
Argentina;Argentina;1979;EFConsTotGHA;1549037;13915967;6035378;106972844;AR
Argentina;Argentina;1980;EFConsTotGHA;1358395;12483632;5877099;110742155;AR
Argentina;Argentina;1981;EFConsTotGHA;1644852;15585800;5194206;103638208;AR
Argentina;Argentina;1982;EFConsTotGHA;1995810;25730091;5411049;110222095;AR
Argentina;Argentina;1983;EFConsTotGHA;1973087;13629164;6065633;102731554;AR
Argentina;Argentina;1984;EFConsTotGHA;2144554;18895635;5785555;110558606;AR
Argentina;Argentina;1985;EFConsTotGHA;1972761;10400917;5376922;98708520;AR
Argentina;Argentina;1986;EFConsTotGHA;1990637;16977743;5551108;107224508;AR
Argentina;Argentina;1987;EFConsTotGHA;1862928;18758364;6030349;111862922;AR
Argentina;Argentina;1988;EFConsTotGHA;2157976;18845957;5667493;111606431;AR
Argentina;Argentina;1989;EFConsTotGHA;1804155;16612445;6062742;109523583;AR
Argentina;Argentina;1990;EFConsTotGHA;2219528;14369900;5418865;100783735;AR
Argentina;Argentina;1991;EFConsTotGHA;2388875;14829984;5805122;107337600;AR
Argentina;Argentina;1992;EFConsTotGHA;2406853;15731250;7693225;118637515;AR
Argentina;Argentina;1993;EFConsTotGHA;2361038;17494797;7348416;118641763;AR
Argentina;Argentina;1994;EFConsTotGHA;2407688;18368485;7075647;117491916;AR
Argentina;Argentina;1995;EFConsTotGHA;2760998;18095393;7316225;114130300;AR
Argentina;Argentina;1996;EFConsTotGHA;2708505;24211782;7470196;126535620;AR
Argentina;Argentina;1997;EFConsTotGHA;3184520;21129414;8154739;122091524;AR
Argentina;Argentina;1998;EFConsTotGHA;3823747;22326554;8636256;122427568;AR
Argentina;Argentina;1999;EFConsTotGHA;3774906;19671148;7342442;116399916;AR
Argentina;Argentina;2000;EFConsTotGHA;3938194;21020129;7827969;116393004;AR
Argentina;Argentina;2001;EFConsTotGHA;4007158;20370511;6634063;115485499;AR
Argentina;Argentina;2002;EFConsTotGHA;4261771;24784957;6583334;114246100;AR
Argentina;Argentina;2003;EFConsTotGHA;4281388;22328248;7315656;119385925;AR
Argentina;Argentina;2004;EFConsTotGHA;3973425;20440898;8711340;123126615;AR
Argentina;Argentina;2005;EFConsTotGHA;4266297;20835949;8710343;117326439;AR
Argentina;Argentina;2006;EFConsTotGHA;3894573;17097912;8531305;124580565;AR
Argentina;Argentina;2007;EFConsTotGHA;4303754;23155266;9169492;131871291;AR
Argentina;Argentina;2008;EFConsTotGHA;4639870;31972652;8710396;146087705;AR
Argentina;Argentina;2009;EFConsTotGHA;3253394;11459956;8761864;117731304;AR
Argentina;Argentina;2010;EFConsTotGHA;4113630;27602443;10014772;134550845;AR
Argentina;Argentina;2011;EFConsTotGHA;4369122;30815491;10146274;139028465;AR
Argentina;Argentina;2012;EFConsTotGHA;3964579;23567248;11827536;138234004;AR
Argentina;Argentina;2013;EFConsTotGHA;4101500;39444228;12586485;153534801;AR
Argentina;Argentina;2014;EFConsTotGHA;4513279;48538759;10536637;158584521;AR
Australia;Australia;1961;EFConsTotGHA;253377;5525745;10822253;78406389;AU
Australia;Australia;1962;EFConsTotGHA;278809;6339829;9794770;78865244;AU
Australia;Australia;1963;EFConsTotGHA;302246;9756236;10268118;85813136;AU
Australia;Australia;1964;EFConsTotGHA;305414;7332545;10870406;86340479;AU
Australia;Australia;1965;EFConsTotGHA;230528;4502897;10999202;87596804;AU
Australia;Australia;1966;EFConsTotGHA;358259;14847414;10982485;98207499;AU
Australia;Australia;1967;EFConsTotGHA;220992;3909038;10852238;90427261;AU
Australia;Australia;1968;EFConsTotGHA;404729;16187427;11844561;107742582;AU
Australia;Australia;1969;EFConsTotGHA;328205;11850157;11786928;107183433;AU
Australia;Australia;1970;EFConsTotGHA;306725;7702965;11905431;104141096;AU
Australia;Australia;1971;EFConsTotGHA;343031;5398816;12358144;108030403;AU
Australia;Australia;1972;EFConsTotGHA;270000;134036;11720488;101053650;AU
Australia;Australia;1973;EFConsTotGHA;406252;12941702;12200082;114776662;AU
Australia;Australia;1974;EFConsTotGHA;376516;12718595;13036849;136009173;AU
Australia;Australia;1975;EFConsTotGHA;434150;10247391;13792175;140735712;AU
Australia;Australia;1976;EFConsTotGHA;396526;8925987;12940801;129222635;AU
Australia;Australia;1977;EFConsTotGHA;359511;5005193;14386993;118076686;AU
Australia;Australia;1978;EFConsTotGHA;568405;15777951;13976139;128913901;AU
Australia;Australia;1979;EFConsTotGHA;546354;18034415;14076746;124975312;AU
Australia;Australia;1980;EFConsTotGHA;392946;0;15392874;116058131;AU
Australia;Australia;1981;EFConsTotGHA;582931;14680644;15745763;127018204;AU
Australia;Australia;1982;EFConsTotGHA;342568;1630894;14826366;115109886;AU
Australia;Australia;1983;EFConsTotGHA;718378;26244702;13266515;128438652;AU
Australia;Australia;1984;EFConsTotGHA;657940;19067439;14911102;126401603;AU
Australia;Australia;1985;EFConsTotGHA;629225;6542743;16538910;118409612;AU
Australia;Australia;1986;EFConsTotGHA;642161;7076781;16507184;113562692;AU
Australia;Australia;1987;EFConsTotGHA;573779;6073202;16177607;107018837;AU
Australia;Australia;1988;EFConsTotGHA;610674;12557962;17314507;118726446;AU
Australia;Australia;1989;EFConsTotGHA;624159;14816483;17480867;135549296;AU
Australia;Australia;1990;EFConsTotGHA;626495;12766468;17506286;137488883;AU
Australia;Australia;1991;EFConsTotGHA;611755;9271327;16287072;130407295;AU
Australia;Australia;1992;EFConsTotGHA;747049;20549420;16491207;129422225;AU
Australia;Australia;1993;EFConsTotGHA;815509;20338675;17893527;132690019;AU
Australia;Australia;1994;EFConsTotGHA;546660;2176559;18631056;117723586;AU
Australia;Australia;1995;EFConsTotGHA;1023657;25079808;20236818;145593523;AU
Australia;Australia;1996;EFConsTotGHA;1412265;22500976;19191118;145476258;AU
Australia;Australia;1997;EFConsTotGHA;1174113;11846859;19693663;134209336;AU
Australia;Australia;1998;EFConsTotGHA;1212885;20859886;21197699;154370012;AU
Australia;Australia;1999;EFConsTotGHA;1278827;20496500;20828585;152369776;AU
Australia;Australia;2000;EFConsTotGHA;1178122;16316636;23682753;152333904;AU
Australia;Australia;2001;EFConsTotGHA;1146330;19537683;22150626;156112519;AU
Australia;Australia;2002;EFConsTotGHA;1261019;25092922;21905635;166910606;AU
Australia;Australia;2003;EFConsTotGHA;701570;9381044;23117496;164838321;AU
Australia;Australia;2004;EFConsTotGHA;1318684;21035085;24040855;180388440;AU
Australia;Australia;2005;EFConsTotGHA;1135710;21167715;24177367;183606034;AU
Australia;Australia;2006;EFConsTotGHA;1333710;25564296;23664629;189777332;AU
Australia;Australia;2007;EFConsTotGHA;729127;12632592;24208676;181802018;AU
Australia;Australia;2008;EFConsTotGHA;1012286;18635464;25778974;192161467;AU
Australia;Australia;2009;EFConsTotGHA;1229869;19541200;21967928;184029440;AU
Australia;Australia;2010;EFConsTotGHA;1400340;18004420;23015317;184777145;AU
Australia;Australia;2011;EFConsTotGHA;1454772;23375074;23117101;198412504;AU
Australia;Australia;2012;EFConsTotGHA;1634904;16472640;20863703;183157587;AU
Australia;Australia;2013;EFConsTotGHA;1440573;13951943;18932167;171479057;AU
Australia;Australia;2014;EFConsTotGHA;1496952;16049087;20379219;162657858;AU
France;France;1961;EFConsTotGHA;2802657;37227123;21113031;196645892;FR
France;France;1962;EFConsTotGHA;3315518;44962896;21226313;213490235;FR
France;France;1963;EFConsTotGHA;3360901;42234248;21593163;219586867;FR
France;France;1964;EFConsTotGHA;3476052;41446849;23143798;231291150;FR
France;France;1965;EFConsTotGHA;3940209;45227351;22558956;234906101;FR
France;France;1966;EFConsTotGHA;3600360;41141311;25466674;236654621;FR
France;France;1967;EFConsTotGHA;4431354;48814361;25260103;250096631;FR
France;France;1968;EFConsTotGHA;4536480;44141255;27414290;253062460;FR
France;France;1969;EFConsTotGHA;4635044;42829493;28035698;267779668;FR
France;France;1970;EFConsTotGHA;4526998;43652984;30412999;287692710;FR
France;France;1971;EFConsTotGHA;5079249;47034153;29405368;300331847;FR
France;France;1972;EFConsTotGHA;5580536;48118094;30455081;312059116;FR
France;France;1973;EFConsTotGHA;5768750;48071757;33190410;331093804;FR
France;France;1974;EFConsTotGHA;5548852;43193197;34286064;316605776;FR
France;France;1975;EFConsTotGHA;5034413;43080703;29272951;291321183;FR
France;France;1976;EFConsTotGHA;4609162;40144387;31097079;314878853;FR
France;France;1977;EFConsTotGHA;5325002;48401734;30857132;315651653;FR
France;France;1978;EFConsTotGHA;5869609;54111382;31361907;325956259;FR
France;France;1979;EFConsTotGHA;5993857;49959854;33114708;331622487;FR
France;France;1980;EFConsTotGHA;6565827;51708837;34339654;330154358;FR
France;France;1981;EFConsTotGHA;6366846;44298863;32064038;293375774;FR
France;France;1982;EFConsTotGHA;6753922;54624740;31238212;296060563;FR
France;France;1983;EFConsTotGHA;6407067;45488189;32200245;278423809;FR
France;France;1984;EFConsTotGHA;7954406;58348959;31600187;281937491;FR
France;France;1985;EFConsTotGHA;7942911;49876213;30662731;277892346;FR
France;France;1986;EFConsTotGHA;7235111;50055402;31797203;284387647;FR
France;France;1987;EFConsTotGHA;8200497;56316059;33243416;296835602;FR
France;France;1988;EFConsTotGHA;8576033;54125557;42561771;308516729;FR
France;France;1989;EFConsTotGHA;8737066;55344788;43121219;318142135;FR
France;France;1990;EFConsTotGHA;8738237;56140976;42292758;320150945;FR
France;France;1991;EFConsTotGHA;9305141;60563195;41842287;331655827;FR
France;France;1992;EFConsTotGHA;9062170;55110747;42437403;319963626;FR
France;France;1993;EFConsTotGHA;8366081;46302298;39500953;291940131;FR
France;France;1994;EFConsTotGHA;8668027;56686025;41525989;311859416;FR
France;France;1995;EFConsTotGHA;8602788;52242687;41361938;309355246;FR
France;France;1996;EFConsTotGHA;9642062;60150620;38044447;314466230;FR
France;France;1997;EFConsTotGHA;9650782;56627821;39146791;310329049;FR
France;France;1998;EFConsTotGHA;10683383;64856921;42199566;333088138;FR
France;France;1999;EFConsTotGHA;10369346;56778129;41967327;320139391;FR
France;France;2000;EFConsTotGHA;10224357;57523124;47567815;330476587;FR
France;France;2001;EFConsTotGHA;9353470;56662919;42195929;325820585;FR
France;France;2002;EFConsTotGHA;10757344;68558494;38437531;330368308;FR
France;France;2003;EFConsTotGHA;9166415;49537087;36345653;312853935;FR
France;France;2004;EFConsTotGHA;10626106;66392652;36657390;338627809;FR
France;France;2005;EFConsTotGHA;10143529;58542071;35669473;333624831;FR
France;France;2006;EFConsTotGHA;9737789;57808063;37443167;335988486;FR
France;France;2007;EFConsTotGHA;9593901;60845371;39783045;345431981;FR
France;France;2008;EFConsTotGHA;10498963;68988834;38394307;352602501;FR
France;France;2009;EFConsTotGHA;10888662;69448243;36255865;331831980;FR
France;France;2010;EFConsTotGHA;10777082;59029027;36769349;331018856;FR
France;France;2011;EFConsTotGHA;9996612;54555860;35330652;319330770;FR
France;France;2012;EFConsTotGHA;10437053;62622605;33477833;315640370;FR
France;France;2013;EFConsTotGHA;9915818;55497402;32865836;307684294;FR
France;France;2014;EFConsTotGHA;10536333;60929807;33498261;301424461;FR
India;India;1961;EFConsTotGHA;7945532;153264197;65930622;282084383;IN
India;India;1962;EFConsTotGHA;8136153;154395850;67585627;289493609;IN
India;India;1963;EFConsTotGHA;8281459;153993420;69159039;294456390;IN
India;India;1964;EFConsTotGHA;8483683;156683999;70784662;298075162;IN
India;India;1965;EFConsTotGHA;8167204;150876179;72589164;299504699;IN
India;India;1966;EFConsTotGHA;8378619;154369709;75851580;309767449;IN
India;India;1967;EFConsTotGHA;9413230;170534626;77534330;328581112;IN
India;India;1968;EFConsTotGHA;10110953;173230408;79351232;339159359;IN
India;India;1969;EFConsTotGHA;10818898;179188539;81203395;347959023;IN
India;India;1970;EFConsTotGHA;11872085;192249283;83066308;366351872;IN
India;India;1971;EFConsTotGHA;12429262;194054372;85561777;376996856;IN
India;India;1972;EFConsTotGHA;11935589;179617318;88552435;367582072;IN
India;India;1973;EFConsTotGHA;13174283;198415792;90802309;392088174;IN
India;India;1974;EFConsTotGHA;12209616;181990691;93533040;384348521;IN
India;India;1975;EFConsTotGHA;14169629;209055266;94421958;417616959;IN
India;India;1976;EFConsTotGHA;14502675;205971549;96913493;421623611;IN
India;India;1977;EFConsTotGHA;15658449;216016127;98291935;437237103;IN
India;India;1978;EFConsTotGHA;16668770;225183326;99791195;448355424;IN
India;India;1979;EFConsTotGHA;16109256;210923583;104449507;447261834;IN
India;India;1980;EFConsTotGHA;16392031;211116975;105472173;453837211;IN
India;India;1981;EFConsTotGHA;18202362;229739951;107498206;482716625;IN
India;India;1982;EFConsTotGHA;18343509;226658498;110652922;487544705;IN
India;India;1983;EFConsTotGHA;20804166;253320803;112210221;523585312;IN
India;India;1984;EFConsTotGHA;21675717;258928726;115176051;547442933;IN
India;India;1985;EFConsTotGHA;22329037;258323274;117559447;558008459;IN
India;India;1986;EFConsTotGHA;22952366;260626269;119691357;576241220;IN
India;India;1987;EFConsTotGHA;23091315;258343832;122232541;585107182;IN
India;India;1988;EFConsTotGHA;25738330;282646471;122951894;621960060;IN
India;India;1989;EFConsTotGHA;29097418;306133735;124366491;664162693;IN
India;India;1990;EFConsTotGHA;29058801;298732200;133346997;674809418;IN
India;India;1991;EFConsTotGHA;29968873;300550289;136434921;695377576;IN
India;India;1992;EFConsTotGHA;31782976;314500348;139134787;726561222;IN
India;India;1993;EFConsTotGHA;32516790;312537205;140865014;735473557;IN
India;India;1994;EFConsTotGHA;34575774;328397381;141757455;770710443;IN
India;India;1995;EFConsTotGHA;35333086;322445025;142648022;786680488;IN
India;India;1996;EFConsTotGHA;37401415;338475673;140529413;814681602;IN
India;India;1997;EFConsTotGHA;38267118;345515646;140971100;841938476;IN
India;India;1998;EFConsTotGHA;40000448;357823263;142343758;865197390;IN
India;India;1999;EFConsTotGHA;41861782;369095648;142454544;901160534;IN
India;India;2000;EFConsTotGHA;41688672;357070797;142474141;891240695;IN
India;India;2001;EFConsTotGHA;42734083;360221115;143079278;902329830;IN
India;India;2002;EFConsTotGHA;39465298;323658093;153053972;880540330;IN
India;India;2003;EFConsTotGHA;44478926;358883465;154669225;937255270;IN
India;India;2004;EFConsTotGHA;44774906;354940728;156855665;968398734;IN
India;India;2005;EFConsTotGHA;46178268;359221910;158225880;999437742;IN
India;India;2006;EFConsTotGHA;48289126;375170888;160020217;1049844729;IN
India;India;2007;EFConsTotGHA;53599411;402392588;160774143;1133851553;IN
India;India;2008;EFConsTotGHA;53010713;395648814;162114514;1157933644;IN
India;India;2009;EFConsTotGHA;51641023;389199724;163029146;1217125029;IN
India;India;2010;EFConsTotGHA;58303203;420813847;165562467;1292081513;IN
India;India;2011;EFConsTotGHA;60602264;428943730;167383438;1324833129;IN
India;India;2012;EFConsTotGHA;60338415;419586673;166712938;1359809082;IN
India;India;2013;EFConsTotGHA;63269139;428326418;166779792;1386477497;IN
India;India;2014;EFConsTotGHA;64745726;433266362;166902932;1450832017;IN
Indonesia;Indonesia;1961;EFConsTotGHA;1776825;22770061;97005935;131423446;ID
Indonesia;Indonesia;1962;EFConsTotGHA;1998264;25107275;95288736;131671302;ID
Indonesia;Indonesia;1963;EFConsTotGHA;1822425;22032669;93515929;127289309;ID
Indonesia;Indonesia;1964;EFConsTotGHA;2062020;24093565;91924316;128416557;ID
Indonesia;Indonesia;1965;EFConsTotGHA;2113062;23133684;90390576;127515918;ID
Indonesia;Indonesia;1966;EFConsTotGHA;2391481;25318440;89036164;129304575;ID
Indonesia;Indonesia;1967;EFConsTotGHA;2286732;23668748;87736931;126885865;ID
Indonesia;Indonesia;1968;EFConsTotGHA;2777018;28422916;85917571;131981017;ID
Indonesia;Indonesia;1969;EFConsTotGHA;2911109;28935731;83729578;131598229;ID
Indonesia;Indonesia;1970;EFConsTotGHA;3170321;30984947;81985060;132665772;ID
Indonesia;Indonesia;1971;EFConsTotGHA;3428101;32350232;81022964;134473855;ID
Indonesia;Indonesia;1972;EFConsTotGHA;3415331;31910459;80693998;135295425;ID
Indonesia;Indonesia;1973;EFConsTotGHA;3863907;36750582;82536329;143940307;ID
Indonesia;Indonesia;1974;EFConsTotGHA;4034676;36487717;80122216;143410249;ID
Indonesia;Indonesia;1975;EFConsTotGHA;3927287;34295107;76024640;137902529;ID
Indonesia;Indonesia;1976;EFConsTotGHA;4255219;37257741;76154886;142895980;ID
Indonesia;Indonesia;1977;EFConsTotGHA;4363349;37583970;73806460;143083597;ID
Indonesia;Indonesia;1978;EFConsTotGHA;4997987;42072825;74883212;152959787;ID
Indonesia;Indonesia;1979;EFConsTotGHA;5356981;43570501;72659860;155777548;ID
Indonesia;Indonesia;1980;EFConsTotGHA;5764980;45880587;74822198;165574501;ID
Indonesia;Indonesia;1981;EFConsTotGHA;6215823;47983005;76373295;174577335;ID
Indonesia;Indonesia;1982;EFConsTotGHA;6395901;48132607;77659720;179749825;ID
Indonesia;Indonesia;1983;EFConsTotGHA;6976772;51437058;77145867;184463675;ID
Indonesia;Indonesia;1984;EFConsTotGHA;7976429;56250696;76268698;186506864;ID
Indonesia;Indonesia;1985;EFConsTotGHA;7695154;55290580;73326949;182920895;ID
Indonesia;Indonesia;1986;EFConsTotGHA;8040060;60816092;73678054;193159593;ID
Indonesia;Indonesia;1987;EFConsTotGHA;7949290;62116190;73913159;197187629;ID
Indonesia;Indonesia;1988;EFConsTotGHA;8038966;62495239;73739069;200469636;ID
Indonesia;Indonesia;1989;EFConsTotGHA;8764228;66077958;73119137;207433880;ID
Indonesia;Indonesia;1990;EFConsTotGHA;9152641;68498912;69812842;218270899;ID
Indonesia;Indonesia;1991;EFConsTotGHA;9797918;68628482;69622918;223719475;ID
Indonesia;Indonesia;1992;EFConsTotGHA;10862840;75078730;69211647;236571796;ID
Indonesia;Indonesia;1993;EFConsTotGHA;10787999;74119853;68491090;241575884;ID
Indonesia;Indonesia;1994;EFConsTotGHA;10945130;76187341;66586424;249943086;ID
Indonesia;Indonesia;1995;EFConsTotGHA;11148098;84680860;62747621;267362556;ID
Indonesia;Indonesia;1996;EFConsTotGHA;11442544;84381068;61145615;272931645;ID
Indonesia;Indonesia;1997;EFConsTotGHA;11104861;78004286;61051624;272573400;ID
Indonesia;Indonesia;1998;EFConsTotGHA;11833883;84020562;59051257;268073550;ID
Indonesia;Indonesia;1999;EFConsTotGHA;11408458;86892923;59298173;278154138;ID
Indonesia;Indonesia;2000;EFConsTotGHA;11327723;85918626;55471518;281223449;ID
Indonesia;Indonesia;2001;EFConsTotGHA;11534990;86215240;48839367;280404698;ID
Indonesia;Indonesia;2002;EFConsTotGHA;12078530;90036749;51755369;288623885;ID
Indonesia;Indonesia;2003;EFConsTotGHA;11578798;92956656;53698760;298979898;ID
Indonesia;Indonesia;2004;EFConsTotGHA;11899331;95960282;52896380;312617456;ID
Indonesia;Indonesia;2005;EFConsTotGHA;12686657;94054045;47544410;306268443;ID
Indonesia;Indonesia;2006;EFConsTotGHA;12999192;95159704;41928056;306467884;ID
Indonesia;Indonesia;2007;EFConsTotGHA;13108942;103355742;41961060;326766667;ID
Indonesia;Indonesia;2008;EFConsTotGHA;13889470;102921945;46922313;342087669;ID
Indonesia;Indonesia;2009;EFConsTotGHA;14230549;105606696;42421741;346224240;ID
Indonesia;Indonesia;2010;EFConsTotGHA;14774246;110984121;45168378;363789724;ID
Indonesia;Indonesia;2011;EFConsTotGHA;14134402;111637121;48348520;365714227;ID
Indonesia;Indonesia;2012;EFConsTotGHA;14944094;114409616;47877128;373155955;ID
Indonesia;Indonesia;2013;EFConsTotGHA;15338189;114889642;54088472;378750706;ID
Indonesia;Indonesia;2014;EFConsTotGHA;15908843;118227462;53448906;409183923;ID
Italy;Italy;1961;EFConsTotGHA;1738961;37810685;11248660;121472346;IT
Italy;Italy;1962;EFConsTotGHA;1783279;36614337;11675416;129879027;IT
Italy;Italy;1963;EFConsTotGHA;1793966;39897478;13047393;147102815;IT
Italy;Italy;1964;EFConsTotGHA;1826845;39362414;11412085;147379429;IT
Italy;Italy;1965;EFConsTotGHA;1943265;42043775;11152545;154425022;IT
Italy;Italy;1966;EFConsTotGHA;1940115;44740855;12390025;169203363;IT
Italy;Italy;1967;EFConsTotGHA;2100376;47078227;13537658;184352366;IT
Italy;Italy;1968;EFConsTotGHA;1991717;46483670;17705719;192355024;IT
Italy;Italy;1969;EFConsTotGHA;2169248;49408683;17924375;209672513;IT
Italy;Italy;1970;EFConsTotGHA;2209009;49450575;18222112;226392778;IT
Italy;Italy;1971;EFConsTotGHA;2616287;50632182;15248299;226874641;IT
Italy;Italy;1972;EFConsTotGHA;2483814;49422371;16804447;240380794;IT
Italy;Italy;1973;EFConsTotGHA;2536248;52610447;18919471;256167707;IT
Italy;Italy;1974;EFConsTotGHA;2581401;50564369;16597016;243838423;IT
Italy;Italy;1975;EFConsTotGHA;2696974;48992355;12646312;229708720;IT
Italy;Italy;1976;EFConsTotGHA;2545362;50156579;15201383;249377988;IT
Italy;Italy;1977;EFConsTotGHA;2405187;47503822;15499051;237138504;IT
Italy;Italy;1978;EFConsTotGHA;2666340;52972408;16282665;245316462;IT
Italy;Italy;1979;EFConsTotGHA;2717019;53453859;19269840;265482556;IT
Italy;Italy;1980;EFConsTotGHA;2773265;53255633;20858083;266973872;IT
Italy;Italy;1981;EFConsTotGHA;2949027;51218580;18203185;249006440;IT
Italy;Italy;1982;EFConsTotGHA;2682367;50373185;17440716;243578526;IT
Italy;Italy;1983;EFConsTotGHA;3108209;57333039;17720904;246231827;IT
Italy;Italy;1984;EFConsTotGHA;2931071;53928731;19553353;252775336;IT
Italy;Italy;1985;EFConsTotGHA;3063896;57191292;19816439;264116164;IT
Italy;Italy;1986;EFConsTotGHA;3057998;58179591;19875501;269639982;IT
Italy;Italy;1987;EFConsTotGHA;3358455;63798750;21587654;284155837;IT
Italy;Italy;1988;EFConsTotGHA;3059027;57495206;21810854;280215718;IT
Italy;Italy;1989;EFConsTotGHA;3126328;58771233;23258300;294658583;IT
Italy;Italy;1990;EFConsTotGHA;2858172;57578900;23488882;298312077;IT
Italy;Italy;1991;EFConsTotGHA;3374477;64447382;24883561;312053298;IT
Italy;Italy;1992;EFConsTotGHA;3227539;57246431;26395093;303790392;IT
Italy;Italy;1993;EFConsTotGHA;3211420;57170294;25024855;286918566;IT
Italy;Italy;1994;EFConsTotGHA;3237612;57504074;28139227;298145561;IT
Italy;Italy;1995;EFConsTotGHA;3321745;58960181;26845133;301914564;IT
Italy;Italy;1996;EFConsTotGHA;3109844;55479769;24474698;290210951;IT
Italy;Italy;1997;EFConsTotGHA;3125801;55262795;27789764;302876592;IT
Italy;Italy;1998;EFConsTotGHA;3288799;58177937;28864440;313583656;IT
Italy;Italy;1999;EFConsTotGHA;3501586;58759919;31380663;317070571;IT
Italy;Italy;2000;EFConsTotGHA;3258924;56527300;31720438;323876100;IT
Italy;Italy;2001;EFConsTotGHA;3194688;57372093;30630420;316484372;IT
Italy;Italy;2002;EFConsTotGHA;3258982;59604945;30460855;321368865;IT
Italy;Italy;2003;EFConsTotGHA;2861246;56339291;30407459;330888178;IT
Italy;Italy;2004;EFConsTotGHA;3584344;62543826;31213759;342003206;IT
Italy;Italy;2005;EFConsTotGHA;3400459;58727457;31458532;341198954;IT
Italy;Italy;2006;EFConsTotGHA;3146526;57859850;31015073;345593317;IT
Italy;Italy;2007;EFConsTotGHA;3182323;57476275;30629944;342105793;IT
Italy;Italy;2008;EFConsTotGHA;3126881;55972236;27973866;322453501;IT
Italy;Italy;2009;EFConsTotGHA;2972803;54973080;24945989;299893737;IT
Italy;Italy;2010;EFConsTotGHA;2936806;56482629;28598353;317918210;IT
Italy;Italy;2011;EFConsTotGHA;3054789;52976453;28114240;307598866;IT
Italy;Italy;2012;EFConsTotGHA;2880555;50261084;27131865;275924643;IT
Italy;Italy;2013;EFConsTotGHA;2918283;48603141;27111635;264135998;IT
Italy;Italy;2014;EFConsTotGHA;2932054;48725095;27602430;256758748;IT
Japan;Japan;1961;EFConsTotGHA;8989313;37948957;48168327;280635230;JP
Japan;Japan;1962;EFConsTotGHA;8962468;37551215;45016622;286013759;JP
Japan;Japan;1963;EFConsTotGHA;8195105;38571133;48569829;307792736;JP
Japan;Japan;1964;EFConsTotGHA;7926676;39794153;51851082;323371005;JP
Japan;Japan;1965;EFConsTotGHA;8289909;42321375;51433431;337611831;JP
Japan;Japan;1966;EFConsTotGHA;8434575;44686678;55350922;374110363;JP
Japan;Japan;1967;EFConsTotGHA;9152291;47490636;60460850;425966993;JP
Japan;Japan;1968;EFConsTotGHA;9287332;48381852;63111890;450042897;JP
Japan;Japan;1969;EFConsTotGHA;9168395;49065694;62864607;489503499;JP
Japan;Japan;1970;EFConsTotGHA;8301643;51106692;66782869;532445616;JP
Japan;Japan;1971;EFConsTotGHA;7804796;47722523;62828988;527041592;JP
Japan;Japan;1972;EFConsTotGHA;8427449;52320317;65327803;566013136;JP
Japan;Japan;1973;EFConsTotGHA;8306296;55965456;72028036;633710079;JP
Japan;Japan;1974;EFConsTotGHA;8252664;53926570;66654081;595749076;JP
Japan;Japan;1975;EFConsTotGHA;8534261;52609893;53875690;553870832;JP
Japan;Japan;1976;EFConsTotGHA;8430038;56148238;59742511;583656631;JP
Japan;Japan;1977;EFConsTotGHA;8965081;57739184;59262860;585060853;JP
Japan;Japan;1978;EFConsTotGHA;8952173;59482060;61220595;587033352;JP
Japan;Japan;1979;EFConsTotGHA;8929168;61366317;64611580;610823295;JP
Japan;Japan;1980;EFConsTotGHA;7653241;57228647;61766491;573907232;JP
Japan;Japan;1981;EFConsTotGHA;7957784;56131861;51384484;533626139;JP
Japan;Japan;1982;EFConsTotGHA;8491170;58597797;53559986;525902983;JP
Japan;Japan;1983;EFConsTotGHA;8103406;60954376;53496187;528247545;JP
Japan;Japan;1984;EFConsTotGHA;9140303;63364095;53887693;560301913;JP
Japan;Japan;1985;EFConsTotGHA;9381057;64483621;55187849;555195180;JP
Japan;Japan;1986;EFConsTotGHA;9564617;66589295;56367427;575305846;JP
Japan;Japan;1987;EFConsTotGHA;9402202;67978815;61419124;598230582;JP
Japan;Japan;1988;EFConsTotGHA;8573993;70444070;61736520;644208494;JP
Japan;Japan;1989;EFConsTotGHA;8935367;69945536;65128101;659674632;JP
Japan;Japan;1990;EFConsTotGHA;9177580;70739868;58848541;683711347;JP
Japan;Japan;1991;EFConsTotGHA;8309406;69261550;56595533;684968486;JP
Japan;Japan;1992;EFConsTotGHA;8775451;70515644;55720706;681720705;JP
Japan;Japan;1993;EFConsTotGHA;7121316;70124228;58391036;675915674;JP
Japan;Japan;1994;EFConsTotGHA;9364559;74345826;58989771;705667129;JP
Japan;Japan;1995;EFConsTotGHA;8636525;72065651;58378404;713594560;JP
Japan;Japan;1996;EFConsTotGHA;8497249;71043174;59462912;714692318;JP
Japan;Japan;1997;EFConsTotGHA;8527577;71676126;57360101;710216159;JP
Japan;Japan;1998;EFConsTotGHA;8099700;69912806;45025135;662959037;JP
Japan;Japan;1999;EFConsTotGHA;8321527;71624426;45888263;673144341;JP
Japan;Japan;2000;EFConsTotGHA;8468635;72450091;46129976;680015531;JP
Japan;Japan;2001;EFConsTotGHA;8413689;69703460;41720091;665122150;JP
Japan;Japan;2002;EFConsTotGHA;8542153;69293626;41402224;652579812;JP
Japan;Japan;2003;EFConsTotGHA;7700433;67932384;41107141;655329889;JP
Japan;Japan;2004;EFConsTotGHA;8419967;65930844;41090291;650212929;JP
Japan;Japan;2005;EFConsTotGHA;8387755;66584699;38600466;654683758;JP
Japan;Japan;2006;EFConsTotGHA;7966936;63878207;38939655;646301331;JP
Japan;Japan;2007;EFConsTotGHA;8157117;64290872;35490924;648700283;JP
Japan;Japan;2008;EFConsTotGHA;8244258;62904433;30870575;624231693;JP
Japan;Japan;2009;EFConsTotGHA;7709090;60555701;28989049;575153734;JP
Japan;Japan;2010;EFConsTotGHA;7541411;61681512;29082817;605595592;JP
Japan;Japan;2011;EFConsTotGHA;7307406;59448652;33441421;611825804;JP
Japan;Japan;2012;EFConsTotGHA;7360754;60255282;33720979;612089078;JP
Japan;Japan;2013;EFConsTotGHA;7477692;59253550;33968949;617028163;JP
Japan;Japan;2014;EFConsTotGHA;7457805;58706957;31886604;601546485;JP
Canada;Canada;1961;EFConsTotGHA;302828;10884742;42863799;136099425;CA
Canada;Canada;1962;EFConsTotGHA;490677;30608429;44896080;165222301;CA
Canada;Canada;1963;EFConsTotGHA;606853;34844844;45691352;177660129;CA
Canada;Canada;1964;EFConsTotGHA;506566;21006241;46247273;169787727;CA
Canada;Canada;1965;EFConsTotGHA;606999;29057727;46256972;183317187;CA
Canada;Canada;1966;EFConsTotGHA;707705;32263619;49636429;194412893;CA
Canada;Canada;1967;EFConsTotGHA;558515;27606060;49550246;194598609;CA
Canada;Canada;1968;EFConsTotGHA;624738;34520032;38405868;195359316;CA
Canada;Canada;1969;EFConsTotGHA;694306;42078382;40946627;210659392;CA
Canada;Canada;1970;EFConsTotGHA;603162;25532987;40211932;198191713;CA
Canada;Canada;1971;EFConsTotGHA;736583;30182961;39330110;204708100;CA
Canada;Canada;1972;EFConsTotGHA;688886;22735923;40492128;205120783;CA
Canada;Canada;1973;EFConsTotGHA;718750;28611276;52959158;228089011;CA
Canada;Canada;1974;EFConsTotGHA;622976;27069654;48117301;222276124;CA
Canada;Canada;1975;EFConsTotGHA;802280;33394188;44115851;226017735;CA
Canada;Canada;1976;EFConsTotGHA;865655;36867046;51688700;241384957;CA
Canada;Canada;1977;EFConsTotGHA;917354;33549869;50002211;236401162;CA
Canada;Canada;1978;EFConsTotGHA;920247;33612969;52269180;242175368;CA
Canada;Canada;1979;EFConsTotGHA;868020;28551751;55223520;247002500;CA
Canada;Canada;1980;EFConsTotGHA;896545;27039290;49446092;237689613;CA
Canada;Canada;1981;EFConsTotGHA;1058879;34177966;44978369;231106130;CA
Canada;Canada;1982;EFConsTotGHA;1138187;35837095;35785752;218446088;CA
Canada;Canada;1983;EFConsTotGHA;1009212;24418315;49085112;211314759;CA
Canada;Canada;1984;EFConsTotGHA;960140;24095397;53680908;218795665;CA
Canada;Canada;1985;EFConsTotGHA;1111365;37922486;53730737;237598578;CA
Canada;Canada;1986;EFConsTotGHA;1309535;46104287;57278805;253496639;CA
Canada;Canada;1987;EFConsTotGHA;1239533;31763117;61622349;246484891;CA
Canada;Canada;1988;EFConsTotGHA;910559;18573930;60389445;241982744;CA
Canada;Canada;1989;EFConsTotGHA;1144735;41008856;61451263;272972765;CA
Canada;Canada;1990;EFConsTotGHA;1340940;45369235;42747199;250386885;CA
Canada;Canada;1991;EFConsTotGHA;1343415;37121836;39266808;231692337;CA
Canada;Canada;1992;EFConsTotGHA;1248877;31752797;45009209;232931000;CA
Canada;Canada;1993;EFConsTotGHA;1387582;41191327;44558697;241344578;CA
Canada;Canada;1994;EFConsTotGHA;1461307;34448022;43356494;235501684;CA
Canada;Canada;1995;EFConsTotGHA;1461631;40068716;45202877;242721292;CA
Canada;Canada;1996;EFConsTotGHA;1590064;47120910;47070400;257197789;CA
Canada;Canada;1997;EFConsTotGHA;1462076;37794798;44430750;253495365;CA
Canada;Canada;1998;EFConsTotGHA;1621651;42283463;34529603;252269319;CA
Canada;Canada;1999;EFConsTotGHA;1750305;51576923;41706075;269653448;CA
Canada;Canada;2000;EFConsTotGHA;1697112;43359961;46468271;276904850;CA
Canada;Canada;2001;EFConsTotGHA;1390990;29527614;37651535;252574082;CA
Canada;Canada;2002;EFConsTotGHA;1174052;32177133;38875369;256921639;CA
Canada;Canada;2003;EFConsTotGHA;1615147;51127808;26435670;278446518;CA
Canada;Canada;2004;EFConsTotGHA;1657399;45462685;43951476;288766439;CA
Canada;Canada;2005;EFConsTotGHA;1785344;47647872;43935117;298093718;CA
Canada;Canada;2006;EFConsTotGHA;1789805;34849855;32812239;279344232;CA
Canada;Canada;2007;EFConsTotGHA;1821899;31300464;33499958;281364863;CA
Canada;Canada;2008;EFConsTotGHA;2139530;46583372;28566887;284107905;CA
Canada;Canada;2009;EFConsTotGHA;2046482;37691181;26304004;268285352;CA
Canada;Canada;2010;EFConsTotGHA;2010669;30071172;39611149;283478834;CA
Canada;Canada;2011;EFConsTotGHA;2044204;32500232;39832088;288871946;CA
Canada;Canada;2012;EFConsTotGHA;2077749;36015350;41489842;286658028;CA
Canada;Canada;2013;EFConsTotGHA;2593927;55250629;39089998;307235061;CA
Canada;Canada;2014;EFConsTotGHA;2219753;38115924;38908521;286470679;CA
Mexico;Mexico;1961;EFConsTotGHA;825377;14339272;11531784;72746682;MX
Mexico;Mexico;1962;EFConsTotGHA;873851;14208915;12111894;72506796;MX
Mexico;Mexico;1963;EFConsTotGHA;965577;15713946;12504820;76615175;MX
Mexico;Mexico;1964;EFConsTotGHA;1183564;17939736;12846033;83360882;MX
Mexico;Mexico;1965;EFConsTotGHA;1261746;17568603;13312044;83991931;MX
Mexico;Mexico;1966;EFConsTotGHA;1426995;19847058;13356764;88125659;MX
Mexico;Mexico;1967;EFConsTotGHA;1466785;19212691;14071244;91858923;MX
Mexico;Mexico;1968;EFConsTotGHA;1606169;21155116;14280964;94986605;MX
Mexico;Mexico;1969;EFConsTotGHA;1628737;20342358;14748967;96841745;MX
Mexico;Mexico;1970;EFConsTotGHA;1918109;24584397;15772829;106932155;MX
Mexico;Mexico;1971;EFConsTotGHA;1939037;23669781;15011929;109743640;MX
Mexico;Mexico;1972;EFConsTotGHA;1941277;23165822;15239837;114611399;MX
Mexico;Mexico;1973;EFConsTotGHA;2134888;26229048;15723971;125903238;MX
Mexico;Mexico;1974;EFConsTotGHA;2215195;28647219;16885371;134296442;MX
Mexico;Mexico;1975;EFConsTotGHA;2358133;29227703;17094126;137437410;MX
Mexico;Mexico;1976;EFConsTotGHA;2227508;24261945;17586195;135639530;MX
Mexico;Mexico;1977;EFConsTotGHA;2527716;28989269;18176140;143216941;MX
Mexico;Mexico;1978;EFConsTotGHA;2811741;31422686;15996153;150054731;MX
Mexico;Mexico;1979;EFConsTotGHA;2623874;28743537;16946002;156309464;MX
Mexico;Mexico;1980;EFConsTotGHA;3073980;39545758;18418698;182538948;MX
Mexico;Mexico;1981;EFConsTotGHA;3412011;43473457;18384374;195166885;MX
Mexico;Mexico;1982;EFConsTotGHA;3105407;36544584;18596399;181342442;MX
Mexico;Mexico;1983;EFConsTotGHA;3486432;43844557;18578502;178676380;MX
Mexico;Mexico;1984;EFConsTotGHA;3475189;42428303;18768481;183713324;MX
Mexico;Mexico;1985;EFConsTotGHA;3892249;44919571;19464875;194109075;MX
Mexico;Mexico;1986;EFConsTotGHA;3738835;39035837;19511440;181192653;MX
Mexico;Mexico;1987;EFConsTotGHA;3882203;42463387;20005463;188144849;MX
Mexico;Mexico;1988;EFConsTotGHA;3474074;41663183;20211512;194579969;MX
Mexico;Mexico;1989;EFConsTotGHA;3297582;42449798;20548394;202979527;MX
Mexico;Mexico;1990;EFConsTotGHA;3779537;50729571;20453845;213829064;MX
Mexico;Mexico;1991;EFConsTotGHA;3505399;48306158;20810015;221310471;MX
Mexico;Mexico;1992;EFConsTotGHA;3349891;50463530;21403795;226254392;MX
Mexico;Mexico;1993;EFConsTotGHA;3545480;51070537;22691642;231983767;MX
Mexico;Mexico;1994;EFConsTotGHA;3734782;53865950;22722269;251794949;MX
Mexico;Mexico;1995;EFConsTotGHA;3812131;47887130;22846775;234395044;MX
Mexico;Mexico;1996;EFConsTotGHA;4275692;57839936;22046268;281521283;MX
Mexico;Mexico;1997;EFConsTotGHA;4063850;54594806;23242924;283614771;MX
Mexico;Mexico;1998;EFConsTotGHA;4294742;62900578;24941053;292375955;MX
Mexico;Mexico;1999;EFConsTotGHA;4161005;63267702;27221263;389599880;MX
Mexico;Mexico;2000;EFConsTotGHA;4157681;64691346;29465893;291474396;MX
Mexico;Mexico;2001;EFConsTotGHA;4554581;69494959;27190508;341230312;MX
Mexico;Mexico;2002;EFConsTotGHA;4461979;71280556;27169575;316429250;MX
Mexico;Mexico;2003;EFConsTotGHA;4692352;71806835;28937394;287026902;MX
Mexico;Mexico;2004;EFConsTotGHA;4734589;70345850;31226978;306925387;MX
Mexico;Mexico;2005;EFConsTotGHA;4274913;66141245;31671458;290065828;MX
Mexico;Mexico;2006;EFConsTotGHA;4799315;71245178;34891986;330684521;MX
Mexico;Mexico;2007;EFConsTotGHA;4829540;69249828;36075145;343014267;MX
Mexico;Mexico;2008;EFConsTotGHA;5013702;66160949;34367286;354039586;MX
Mexico;Mexico;2009;EFConsTotGHA;4605315;60840679;28607778;330956588;MX
Mexico;Mexico;2010;EFConsTotGHA;5165139;65144801;30268879;376173156;MX
Mexico;Mexico;2011;EFConsTotGHA;4459636;58757501;30156354;327758777;MX
Mexico;Mexico;2012;EFConsTotGHA;5299455;64543445;30737716;352265272;MX
Mexico;Mexico;2013;EFConsTotGHA;5274259;60612099;31432632;321961580;MX
Mexico;Mexico;2014;EFConsTotGHA;5748670;63211208;31383517;319556045;MX
Russian Federation;Russia;1992;EFConsTotGHA;5265285;188160240;128211624;1024776143;RU
Russian Federation;Russia;1993;EFConsTotGHA;4974024;156863400;91721142;896371633;RU
Russian Federation;Russia;1994;EFConsTotGHA;4430195;129503446;53229708;754827066;RU
Russian Federation;Russia;1995;EFConsTotGHA;3668845;111564295;46430843;745896811;RU
Russian Federation;Russia;1996;EFConsTotGHA;3807475;112329930;40920358;703652993;RU
Russian Federation;Russia;1997;EFConsTotGHA;4466035;135091574;59445329;720091959;RU
Russian Federation;Russia;1998;EFConsTotGHA;2795269;84766562;48967132;645372372;RU
Russian Federation;Russia;1999;EFConsTotGHA;3232651;105208556;53446815;658769582;RU
Russian Federation;Russia;2000;EFConsTotGHA;3718369;109084783;71294238;687819789;RU
Russian Federation;Russia;2001;EFConsTotGHA;4588133;133741692;75163540;729106308;RU
Russian Federation;Russia;2002;EFConsTotGHA;4610385;124159572;70274003;705290865;RU
Russian Federation;Russia;2003;EFConsTotGHA;3991660;110106696;75962210;716828811;RU
Russian Federation;Russia;2004;EFConsTotGHA;4275776;124468903;74086213;726427355;RU
Russian Federation;Russia;2005;EFConsTotGHA;4461087;121652406;70301873;728694786;RU
Russian Federation;Russia;2006;EFConsTotGHA;4568438;124194334;74343313;763881494;RU
Russian Federation;Russia;2007;EFConsTotGHA;4693050;121937291;86333017;789791084;RU
Russian Federation;Russia;2008;EFConsTotGHA;5622988;152322872;65157413;815056303;RU
Russian Federation;Russia;2009;EFConsTotGHA;5158777;125055079;71716466;741763808;RU
Russian Federation;Russia;2010;EFConsTotGHA;3642709;95027468;84149763;767605394;RU
Russian Federation;Russia;2011;EFConsTotGHA;5246515;129457142;94185734;847107783;RU
Russian Federation;Russia;2012;EFConsTotGHA;4107111;91936257;95469290;790256358;RU
Russian Federation;Russia;2013;EFConsTotGHA;4899642;120480973;96885741;806297566;RU
Russian Federation;Russia;2014;EFConsTotGHA;5336686;132637645;98083564;798644232;RU
South Africa;South Africa;1973;EFConsTotGHA;456015;7055446;9123041;90949277;ZA
South Africa;South Africa;1974;EFConsTotGHA;808056;12406287;9693704;102222251;ZA
South Africa;South Africa;1975;EFConsTotGHA;683963;9355778;9033987;103413969;ZA
South Africa;South Africa;1976;EFConsTotGHA;653806;9588360;8997286;107222607;ZA
South Africa;South Africa;1977;EFConsTotGHA;766472;11090111;7785559;108092311;ZA
South Africa;South Africa;1978;EFConsTotGHA;825381;10497190;8250884;102511267;ZA
South Africa;South Africa;1979;EFConsTotGHA;737911;9461372;9188245;105959364;ZA
South Africa;South Africa;1980;EFConsTotGHA;872858;10352793;11021793;110164657;ZA
South Africa;South Africa;1981;EFConsTotGHA;1105373;13726869;11989996;115489990;ZA
South Africa;South Africa;1982;EFConsTotGHA;831799;9663125;11548729;111571822;ZA
South Africa;South Africa;1983;EFConsTotGHA;602228;9195266;13085656;108391933;ZA
South Africa;South Africa;1984;EFConsTotGHA;714487;12585965;11892607;112274604;ZA
South Africa;South Africa;1985;EFConsTotGHA;888133;12233549;12696889;113522101;ZA
South Africa;South Africa;1986;EFConsTotGHA;945736;12638974;12579397;114170209;ZA
South Africa;South Africa;1987;EFConsTotGHA;1106353;14009012;14166351;124412296;ZA
South Africa;South Africa;1988;EFConsTotGHA;1175088;15504094;14538485;127212761;ZA
South Africa;South Africa;1989;EFConsTotGHA;1259692;13246661;15872259;126926855;ZA
South Africa;South Africa;1990;EFConsTotGHA;1103966;13354163;15390413;126200662;ZA
South Africa;South Africa;1991;EFConsTotGHA;1093968;14408303;15458730;125769932;ZA
South Africa;South Africa;1992;EFConsTotGHA;595135;12021887;14848242;125425877;ZA
South Africa;South Africa;1993;EFConsTotGHA;1117731;16916362;14465095;130490938;ZA
South Africa;South Africa;1994;EFConsTotGHA;1278791;15941681;15617173;127780351;ZA
South Africa;South Africa;1995;EFConsTotGHA;881126;13293443;15973431;132474296;ZA
South Africa;South Africa;1996;EFConsTotGHA;1329303;17440458;16030900;140978589;ZA
South Africa;South Africa;1997;EFConsTotGHA;1259120;16355724;17547598;146966515;ZA
South Africa;South Africa;1998;EFConsTotGHA;1119326;14591734;15907064;143831996;ZA
South Africa;South Africa;1999;EFConsTotGHA;1262044;15808599;14369212;134971286;ZA
South Africa;South Africa;2000;EFConsTotGHA;1430181;18139006;15402112;139589729;ZA
South Africa;South Africa;2001;EFConsTotGHA;1297698;15435796;14988477;147652745;ZA
South Africa;South Africa;2002;EFConsTotGHA;1485428;18242013;15120599;151266714;ZA
South Africa;South Africa;2003;EFConsTotGHA;1308697;16716770;16156385;157053397;ZA
South Africa;South Africa;2004;EFConsTotGHA;1360691;18125788;16172041;173390807;ZA
South Africa;South Africa;2005;EFConsTotGHA;1498393;17484559;17589403;165192834;ZA
South Africa;South Africa;2006;EFConsTotGHA;1295557;16938248;18686076;176145809;ZA
South Africa;South Africa;2007;EFConsTotGHA;1207251;17398448;16291965;183028225;ZA
South Africa;South Africa;2008;EFConsTotGHA;1702010;18996971;15988886;192943939;ZA
South Africa;South Africa;2009;EFConsTotGHA;1694469;18446183;15218072;182364792;ZA
South Africa;South Africa;2010;EFConsTotGHA;1613131;17829713;14203247;181268725;ZA
South Africa;South Africa;2011;EFConsTotGHA;1677633;18205661;13760827;177604532;ZA
South Africa;South Africa;2012;EFConsTotGHA;1702739;19805181;15292888;181986039;ZA
South Africa;South Africa;2013;EFConsTotGHA;1660611;16242184;14188831;178721491;ZA
South Africa;South Africa;2014;EFConsTotGHA;1891581;18015368;12621451;184324931;ZA
United Kingdom;United Kingdom;1961;EFConsTotGHA;3586179;42381557;15688521;324520561;GB
United Kingdom;United Kingdom;1962;EFConsTotGHA;4043400;45051568;15393866;336313970;GB
United Kingdom;United Kingdom;1963;EFConsTotGHA;4023227;43955172;16395156;346789238;GB
United Kingdom;United Kingdom;1964;EFConsTotGHA;4266349;44777077;19087558;355481271;GB
United Kingdom;United Kingdom;1965;EFConsTotGHA;4711689;45884827;18546175;363944061;GB
United Kingdom;United Kingdom;1966;EFConsTotGHA;4460700;43197327;17558270;356487486;GB
United Kingdom;United Kingdom;1967;EFConsTotGHA;5069521;45127593;18297767;360979011;GB
United Kingdom;United Kingdom;1968;EFConsTotGHA;4510320;43477970;26233485;372272901;GB
United Kingdom;United Kingdom;1969;EFConsTotGHA;4921673;46805306;25447013;385213681;GB
United Kingdom;United Kingdom;1970;EFConsTotGHA;4855733;46564114;26207844;393691355;GB
United Kingdom;United Kingdom;1971;EFConsTotGHA;5207973;46066021;24639220;386841354;GB
United Kingdom;United Kingdom;1972;EFConsTotGHA;5345287;46117934;26739937;385620412;GB
United Kingdom;United Kingdom;1973;EFConsTotGHA;5283209;44619336;29262927;396771746;GB
United Kingdom;United Kingdom;1974;EFConsTotGHA;5557351;43952249;27958220;370520767;GB
United Kingdom;United Kingdom;1975;EFConsTotGHA;5029698;38971827;21571651;340705293;GB
United Kingdom;United Kingdom;1976;EFConsTotGHA;4522103;39998522;24921316;352819507;GB
United Kingdom;United Kingdom;1977;EFConsTotGHA;5825877;44024965;24484943;350060840;GB
United Kingdom;United Kingdom;1978;EFConsTotGHA;5708400;39971198;25422737;345963727;GB
United Kingdom;United Kingdom;1979;EFConsTotGHA;6169309;42338447;27453273;361955149;GB
United Kingdom;United Kingdom;1980;EFConsTotGHA;6665254;40738307;23437499;324997246;GB
United Kingdom;United Kingdom;1981;EFConsTotGHA;6749470;40492160;24510502;312846360;GB
United Kingdom;United Kingdom;1982;EFConsTotGHA;7608529;45240622;24183678;310468624;GB
United Kingdom;United Kingdom;1983;EFConsTotGHA;7125075;42350214;26173380;301735798;GB
United Kingdom;United Kingdom;1984;EFConsTotGHA;9010496;46430053;26433144;302724731;GB
United Kingdom;United Kingdom;1985;EFConsTotGHA;7960556;43736380;26606507;311493659;GB
United Kingdom;United Kingdom;1986;EFConsTotGHA;8611382;44264895;28439577;324315452;GB
United Kingdom;United Kingdom;1987;EFConsTotGHA;8153017;42297775;32025983;332711894;GB
United Kingdom;United Kingdom;1988;EFConsTotGHA;8081477;46161076;33948606;345367709;GB
United Kingdom;United Kingdom;1989;EFConsTotGHA;8617630;42673958;34782928;337356845;GB
United Kingdom;United Kingdom;1990;EFConsTotGHA;8822702;46615959;32821284;334812246;GB
United Kingdom;United Kingdom;1991;EFConsTotGHA;9055593;46246651;29383305;333663694;GB
United Kingdom;United Kingdom;1992;EFConsTotGHA;9090191;48989501;31470944;336245982;GB
United Kingdom;United Kingdom;1993;EFConsTotGHA;8129391;44714945;30240903;317984597;GB
United Kingdom;United Kingdom;1994;EFConsTotGHA;8534619;45670152;33698714;328642340;GB
United Kingdom;United Kingdom;1995;EFConsTotGHA;8644834;47696158;31444124;319654881;GB
United Kingdom;United Kingdom;1996;EFConsTotGHA;9613487;48205257;32143705;332983234;GB
United Kingdom;United Kingdom;1997;EFConsTotGHA;9284239;44401355;33946243;320007072;GB
United Kingdom;United Kingdom;1998;EFConsTotGHA;9406880;44295666;32528794;323242549;GB
United Kingdom;United Kingdom;1999;EFConsTotGHA;9434057;46805939;32857362;322051429;GB
United Kingdom;United Kingdom;2000;EFConsTotGHA;9546501;46209862;33026267;338875488;GB
United Kingdom;United Kingdom;2001;EFConsTotGHA;8071794;47478086;34824536;366198055;GB
United Kingdom;United Kingdom;2002;EFConsTotGHA;9533733;50519603;34951028;357983996;GB
United Kingdom;United Kingdom;2003;EFConsTotGHA;9381468;48437536;35407489;354565748;GB
United Kingdom;United Kingdom;2004;EFConsTotGHA;8926449;50901486;36290695;366327886;GB
United Kingdom;United Kingdom;2005;EFConsTotGHA;8987032;49683401;37249387;368851515;GB
United Kingdom;United Kingdom;2006;EFConsTotGHA;8762130;50989004;36948716;377160287;GB
United Kingdom;United Kingdom;2007;EFConsTotGHA;8528128;49839834;38122433;381889222;GB
United Kingdom;United Kingdom;2008;EFConsTotGHA;9818338;53168034;33627931;368855290;GB
United Kingdom;United Kingdom;2009;EFConsTotGHA;9283147;50099263;30578647;367705442;GB
United Kingdom;United Kingdom;2010;EFConsTotGHA;9706560;46935655;32557704;337696354;GB
United Kingdom;United Kingdom;2011;EFConsTotGHA;9489534;46425612;31223065;318480754;GB
United Kingdom;United Kingdom;2012;EFConsTotGHA;8325057;44852338;28232692;311798150;GB
United Kingdom;United Kingdom;2013;EFConsTotGHA;8397634;48580466;28989752;315371510;GB
United Kingdom;United Kingdom;2014;EFConsTotGHA;10012212;53550880;31075579;308739816;GB